workspace_id,internal_customer_id,attribute_name,attribute_value,timestamp
123456,f7dc0714ffd301c0a326,first_name,TEST-DATA_58,2023-03-19 21:37:24.000000 UTC
123456,f7dc0714ffd301c0a326,industry,TEST-DATA_88,2023-03-19 21:37:24.000000 UTC
123456,f7dc0714ffd301c0a326,country,TEST-DATA_72,2023-03-19 21:37:24.000000 UTC
123456,f7dc0714ffd301c0a326,last_name,TEST-DATA_68,2023-03-19 21:37:24.000000 UTC
123456,f7dc0714ffd201c0a226,company_id,TEST-DATA_23,2023-03-17 13:32:55.000000 UTC
123456,f7dc0714ffd201c0a226,hubspot_contact_id,TEST-DATA_71,2023-03-18 10:31:12.000000 UTC
123456,f7dc0714ffd201c0a226,first_name,TEST-DATA_11,2023-03-17 10:31:13.000000 UTC
123456,f7dc0714ffd201c0a226,country,TEST-DATA_91,2023-03-17 10:31:13.000000 UTC
123456,f7dc0714ffd201c0a226,last_name,TEST-DATA_97,2023-03-17 10:31:13.000000 UTC
123456,f7dc0714ffd101c0a126,supplier_id,TEST-DATA_100,2023-03-16 11:04:48.000000 UTC
123456,f7dc0714ffd101c0a126,country,TEST-DATA_69,2023-03-16 11:04:48.000000 UTC
123456,f7dc0714ffd001c0a026,country,TEST-DATA_48,2023-03-16 11:04:12.000000 UTC
123456,f7dc0714ffd001c0a026,supplier_id,TEST-DATA_62,2023-03-16 11:04:12.000000 UTC
123456,f7dc0714ffd001c0a026,last_name,TEST-DATA_97,2023-03-16 11:04:12.000000 UTC
123456,f7dc0714ffd001c0a026,first_name,TEST-DATA_60,2023-03-16 11:04:12.000000 UTC
123456,f7dc0714ffcf01c09f26,country,TEST-DATA_72,2023-03-16 11:03:23.000000 UTC
123456,f7dc0714ffcf01c09f26,supplier_id,TEST-DATA_62,2023-03-16 11:03:23.000000 UTC
123456,f7dc0714ffcf01c09f26,first_name,TEST-DATA_43,2023-03-16 11:03:23.000000 UTC
123456,f7dc0714ffce01c09e26,first_name,TEST-DATA_50,2023-03-16 11:02:36.000000 UTC
123456,f7dc0714ffce01c09e26,country,TEST-DATA_16,2023-03-16 11:02:36.000000 UTC
123456,f7dc0714ffce01c09e26,supplier_id,TEST-DATA_77,2023-03-16 11:02:36.000000 UTC
123456,f7dc0714ffce01c09e26,last_name,TEST-DATA_25,2023-03-16 11:02:36.000000 UTC
123456,f7dc0714ffcd01c09d26,supplier_id,TEST-DATA_26,2023-03-16 11:00:51.000000 UTC
123456,f7dc0714ffcd01c09d26,last_name,TEST-DATA_83,2023-03-16 11:00:51.000000 UTC
123456,f7dc0714ffcd01c09d26,country,TEST-DATA_20,2023-03-16 11:00:51.000000 UTC
123456,f7dc0714ffcd01c09d26,first_name,TEST-DATA_62,2023-03-16 11:00:51.000000 UTC
123456,f7dc0714ffcc01c09c26,country,TEST-DATA_25,2023-03-16 10:58:42.000000 UTC
123456,f7dc0714ffcc01c09c26,first_name,TEST-DATA_89,2023-03-16 10:58:42.000000 UTC
123456,f7dc0714ffcc01c09c26,supplier_id,TEST-DATA_48,2023-03-16 10:58:42.000000 UTC
123456,f7dc0714ffcc01c09c26,last_name,TEST-DATA_62,2023-03-16 10:58:42.000000 UTC
123456,f7dc0714ffcb01c09b26,country,TEST-DATA_64,2023-03-16 10:57:53.000000 UTC
123456,f7dc0714ffcb01c09b26,first_name,TEST-DATA_30,2023-03-16 10:57:53.000000 UTC
123456,f7dc0714ffcb01c09b26,supplier_id,TEST-DATA_61,2023-03-16 10:57:53.000000 UTC
123456,f7dc0714ffcb01c09b26,last_name,TEST-DATA_25,2023-03-16 10:57:53.000000 UTC
123456,f7dc0714ffca01c09a26,first_name,TEST-DATA_35,2023-03-16 10:56:37.000000 UTC
123456,f7dc0714ffca01c09a26,country,TEST-DATA_95,2023-03-16 10:56:37.000000 UTC
123456,f7dc0714ffca01c09a26,supplier_id,TEST-DATA_94,2023-03-16 10:56:37.000000 UTC
123456,f7dc0714ffca01c09a26,last_name,TEST-DATA_55,2023-03-16 10:56:37.000000 UTC
123456,f7dc0714ffc901c09926,last_name,TEST-DATA_8,2023-03-16 10:55:58.000000 UTC
123456,f7dc0714ffc901c09926,first_name,TEST-DATA_22,2023-03-16 10:55:58.000000 UTC
123456,f7dc0714ffc901c09926,supplier_id,TEST-DATA_49,2023-03-16 10:55:58.000000 UTC
123456,f7dc0714ffc901c09926,country,TEST-DATA_32,2023-03-16 10:55:58.000000 UTC
123456,f7dc0714ffc801c09826,first_name,TEST-DATA_33,2023-03-16 10:53:33.000000 UTC
123456,f7dc0714ffc801c09826,supplier_id,TEST-DATA_7,2023-03-16 10:53:33.000000 UTC
123456,f7dc0714ffc801c09826,last_name,TEST-DATA_22,2023-03-16 10:53:33.000000 UTC
123456,f7dc0714ffc801c09826,country,TEST-DATA_26,2023-03-16 10:53:33.000000 UTC
123456,f7dc0714ffc701c09726,supplier_id,TEST-DATA_37,2023-03-16 10:52:34.000000 UTC
123456,f7dc0714ffc701c09726,first_name,TEST-DATA_61,2023-03-16 10:52:34.000000 UTC
123456,f7dc0714ffc701c09726,cio_subscription_preferences,TEST-DATA_97,2023-03-16 11:08:40.000000 UTC
123456,f7dc0714ffc701c09726,country,TEST-DATA_57,2023-03-16 10:52:34.000000 UTC
123456,f7dc0714ffc701c09726,last_name,TEST-DATA_86,2023-03-16 10:52:34.000000 UTC
123456,f7dc0714ffc601c09626,last_name,TEST-DATA_68,2023-03-16 10:51:44.000000 UTC
123456,f7dc0714ffc601c09626,supplier_id,TEST-DATA_14,2023-03-16 10:51:44.000000 UTC
123456,f7dc0714ffc601c09626,first_name,TEST-DATA_41,2023-03-16 10:51:44.000000 UTC
123456,f7dc0714ffc601c09626,country,TEST-DATA_35,2023-03-16 10:51:44.000000 UTC
123456,f7dc0714ffc501c09526,first_name,TEST-DATA_26,2023-03-16 10:51:03.000000 UTC
123456,f7dc0714ffc501c09526,supplier_id,TEST-DATA_33,2023-03-16 10:51:03.000000 UTC
123456,f7dc0714ffc501c09526,last_name,TEST-DATA_0,2023-03-16 10:51:03.000000 UTC
123456,f7dc0714ffc501c09526,country,TEST-DATA_21,2023-03-16 10:51:03.000000 UTC
123456,f7dc0714ffc401c09426,last_name,TEST-DATA_15,2023-03-16 10:50:20.000000 UTC
123456,f7dc0714ffc401c09426,country,TEST-DATA_97,2023-03-16 10:50:20.000000 UTC
123456,f7dc0714ffc401c09426,supplier_id,TEST-DATA_43,2023-03-16 10:50:20.000000 UTC
123456,f7dc0714ffc401c09426,first_name,TEST-DATA_97,2023-03-16 10:50:20.000000 UTC
123456,f7dc0714ffc301c09326,last_name,TEST-DATA_70,2023-03-16 10:49:43.000000 UTC
123456,f7dc0714ffc301c09326,first_name,TEST-DATA_17,2023-03-16 10:49:43.000000 UTC
123456,f7dc0714ffc301c09326,country,TEST-DATA_29,2023-03-16 10:49:43.000000 UTC
123456,f7dc0714ffc301c09326,supplier_id,TEST-DATA_13,2023-03-16 10:49:43.000000 UTC
123456,f7dc0714ffc201c09226,last_name,TEST-DATA_91,2023-03-16 10:48:57.000000 UTC
123456,f7dc0714ffc201c09226,first_name,TEST-DATA_19,2023-03-16 10:48:57.000000 UTC
123456,f7dc0714ffc201c09226,supplier_id,TEST-DATA_56,2023-03-16 10:48:57.000000 UTC
123456,f7dc0714ffc201c09226,country,TEST-DATA_48,2023-03-16 10:48:57.000000 UTC
123456,f7dc0714ffc101c09126,first_name,TEST-DATA_29,2023-03-16 10:48:17.000000 UTC
123456,f7dc0714ffc101c09126,supplier_id,TEST-DATA_95,2023-03-16 10:48:17.000000 UTC
123456,f7dc0714ffc101c09126,country,TEST-DATA_37,2023-03-16 10:48:17.000000 UTC
123456,f7dc0714ffc101c09126,last_name,TEST-DATA_54,2023-03-16 10:48:17.000000 UTC
123456,f7dc0714ffc001c09026,supplier_id,TEST-DATA_37,2023-03-16 10:47:35.000000 UTC
123456,f7dc0714ffc001c09026,country,TEST-DATA_95,2023-03-16 10:47:35.000000 UTC
123456,f7dc0714ffc001c09026,last_name,TEST-DATA_8,2023-03-16 10:47:35.000000 UTC
123456,f7dc0714ffc001c09026,first_name,TEST-DATA_85,2023-03-16 10:47:35.000000 UTC
123456,f7dc0714ffbf01c08f26,first_name,TEST-DATA_93,2023-03-16 10:46:53.000000 UTC
123456,f7dc0714ffbf01c08f26,last_name,TEST-DATA_80,2023-03-16 10:46:53.000000 UTC
123456,f7dc0714ffbf01c08f26,supplier_id,TEST-DATA_28,2023-03-16 10:46:53.000000 UTC
123456,f7dc0714ffbf01c08f26,country,TEST-DATA_7,2023-03-16 10:46:53.000000 UTC
123456,f7dc0714ffbe01c08e26,first_name,TEST-DATA_98,2023-03-16 10:46:15.000000 UTC
123456,f7dc0714ffbe01c08e26,last_name,TEST-DATA_4,2023-03-16 10:46:15.000000 UTC
123456,f7dc0714ffbe01c08e26,supplier_id,TEST-DATA_98,2023-03-16 10:46:15.000000 UTC
123456,f7dc0714ffbe01c08e26,country,TEST-DATA_80,2023-03-16 10:46:15.000000 UTC
123456,f7dc0714ffbd01c08d26,last_name,TEST-DATA_82,2023-03-16 10:45:33.000000 UTC
123456,f7dc0714ffbd01c08d26,country,TEST-DATA_28,2023-03-16 10:45:33.000000 UTC
123456,f7dc0714ffbd01c08d26,supplier_id,TEST-DATA_79,2023-03-16 10:45:33.000000 UTC
123456,f7dc0714ffbd01c08d26,first_name,TEST-DATA_29,2023-03-16 10:45:33.000000 UTC
123456,f7dc0714ffbc01c08c26,supplier_id,TEST-DATA_63,2023-03-16 10:44:46.000000 UTC
123456,f7dc0714ffbc01c08c26,first_name,TEST-DATA_81,2023-03-16 10:44:46.000000 UTC
123456,f7dc0714ffbc01c08c26,last_name,TEST-DATA_24,2023-03-16 10:44:46.000000 UTC
123456,f7dc0714ffbc01c08c26,country,TEST-DATA_62,2023-03-16 10:44:46.000000 UTC
123456,f7dc0714ffbb01c08b26,country,TEST-DATA_14,2023-03-16 10:44:02.000000 UTC
123456,f7dc0714ffbb01c08b26,supplier_id,TEST-DATA_26,2023-03-16 10:44:02.000000 UTC
123456,f7dc0714ffba01c08a26,first_name,TEST-DATA_46,2023-03-16 10:43:24.000000 UTC
123456,f7dc0714ffba01c08a26,last_name,TEST-DATA_99,2023-03-16 10:43:24.000000 UTC
123456,f7dc0714ffba01c08a26,supplier_id,TEST-DATA_78,2023-03-16 10:43:24.000000 UTC
123456,f7dc0714ffba01c08a26,country,TEST-DATA_33,2023-03-16 10:43:24.000000 UTC
123456,f7dc0714ffb901c08926,country,TEST-DATA_78,2023-03-16 10:42:41.000000 UTC
123456,f7dc0714ffb901c08926,first_name,TEST-DATA_62,2023-03-16 10:42:41.000000 UTC
123456,f7dc0714ffb901c08926,last_name,TEST-DATA_57,2023-03-16 10:42:41.000000 UTC
123456,f7dc0714ffb901c08926,supplier_id,TEST-DATA_74,2023-03-16 10:42:41.000000 UTC
123456,f7dc0714ffb801c08826,first_name,TEST-DATA_56,2023-03-16 10:41:54.000000 UTC
123456,f7dc0714ffb801c08826,supplier_id,TEST-DATA_55,2023-03-16 10:41:54.000000 UTC
123456,f7dc0714ffb801c08826,country,TEST-DATA_13,2023-03-16 10:41:54.000000 UTC
123456,f7dc0714ffb801c08826,last_name,TEST-DATA_28,2023-03-16 10:41:54.000000 UTC
123456,f7dc0714ffb701c08726,last_name,TEST-DATA_27,2023-03-16 10:41:07.000000 UTC
123456,f7dc0714ffb701c08726,country,TEST-DATA_51,2023-03-16 10:41:07.000000 UTC
123456,f7dc0714ffb701c08726,first_name,TEST-DATA_97,2023-03-16 10:41:07.000000 UTC
123456,f7dc0714ffb701c08726,supplier_id,TEST-DATA_52,2023-03-16 10:41:07.000000 UTC
123456,f7dc0714ffb601c08626,first_name,TEST-DATA_47,2023-03-16 10:40:18.000000 UTC
123456,f7dc0714ffb601c08626,last_name,TEST-DATA_54,2023-03-16 10:40:18.000000 UTC
123456,f7dc0714ffb601c08626,country,TEST-DATA_17,2023-03-16 10:40:18.000000 UTC
123456,f7dc0714ffb601c08626,supplier_id,TEST-DATA_71,2023-03-16 10:40:18.000000 UTC
123456,f7dc0714ffb501c08526,supplier_id,TEST-DATA_55,2023-03-16 10:39:30.000000 UTC
123456,f7dc0714ffb501c08526,first_name,TEST-DATA_41,2023-03-16 10:39:30.000000 UTC
123456,f7dc0714ffb501c08526,last_name,TEST-DATA_84,2023-03-16 10:39:30.000000 UTC
123456,f7dc0714ffb501c08526,country,TEST-DATA_54,2023-03-16 10:39:30.000000 UTC
123456,f7dc0714ffb401c08426,supplier_id,TEST-DATA_17,2023-03-16 10:36:14.000000 UTC
123456,f7dc0714ffb401c08426,first_name,TEST-DATA_76,2023-03-16 10:36:14.000000 UTC
123456,f7dc0714ffb401c08426,last_name,TEST-DATA_79,2023-03-16 10:36:14.000000 UTC
123456,f7dc0714ffb401c08426,country,TEST-DATA_14,2023-03-16 10:36:14.000000 UTC
123456,f7dc0714ffb301c08326,country,TEST-DATA_2,2023-03-16 10:35:02.000000 UTC
123456,f7dc0714ffb301c08326,first_name,TEST-DATA_76,2023-03-16 10:35:02.000000 UTC
123456,f7dc0714ffb301c08326,supplier_id,TEST-DATA_68,2023-03-16 10:35:02.000000 UTC
123456,f7dc0714ffb301c08326,last_name,TEST-DATA_96,2023-03-16 10:35:02.000000 UTC
123456,f7dc0714ffb201c08226,country,TEST-DATA_63,2023-03-16 10:34:13.000000 UTC
123456,f7dc0714ffb201c08226,supplier_id,TEST-DATA_58,2023-03-16 10:34:13.000000 UTC
123456,f7dc0714ffb201c08226,last_name,TEST-DATA_85,2023-03-16 10:34:13.000000 UTC
123456,f7dc0714ffb201c08226,first_name,TEST-DATA_80,2023-03-16 10:34:13.000000 UTC
123456,f7dc0714ffb101c08126,last_name,TEST-DATA_7,2023-03-16 10:33:28.000000 UTC
123456,f7dc0714ffb101c08126,first_name,TEST-DATA_26,2023-03-16 10:33:28.000000 UTC
123456,f7dc0714ffb101c08126,country,TEST-DATA_86,2023-03-16 10:33:28.000000 UTC
123456,f7dc0714ffb101c08126,supplier_id,TEST-DATA_45,2023-03-16 10:33:28.000000 UTC
123456,f7dc0714ffb001c08026,supplier_id,TEST-DATA_29,2023-03-16 10:32:33.000000 UTC
123456,f7dc0714ffb001c08026,last_name,TEST-DATA_42,2023-03-16 10:32:33.000000 UTC
123456,f7dc0714ffb001c08026,country,TEST-DATA_89,2023-03-16 10:32:33.000000 UTC
123456,f7dc0714ffb001c08026,cio_subscription_preferences,TEST-DATA_9,2023-03-16 12:31:03.000000 UTC
123456,f7dc0714ffb001c08026,first_name,TEST-DATA_85,2023-03-16 10:32:33.000000 UTC
123456,f7dc0714ffaf01c0ff25,last_name,TEST-DATA_8,2023-03-16 10:31:57.000000 UTC
123456,f7dc0714ffaf01c0ff25,first_name,TEST-DATA_2,2023-03-16 10:31:57.000000 UTC
123456,f7dc0714ffaf01c0ff25,country,TEST-DATA_62,2023-03-16 10:31:57.000000 UTC
123456,f7dc0714ffaf01c0ff25,supplier_id,TEST-DATA_45,2023-03-16 10:31:57.000000 UTC
123456,f7dc0714ffae01c0fe25,supplier_id,TEST-DATA_67,2023-03-16 10:31:12.000000 UTC
123456,f7dc0714ffae01c0fe25,first_name,TEST-DATA_17,2023-03-16 10:31:12.000000 UTC
123456,f7dc0714ffae01c0fe25,country,TEST-DATA_97,2023-03-16 10:31:12.000000 UTC
123456,f7dc0714ffad01c0fd25,country,TEST-DATA_86,2023-03-16 10:30:24.000000 UTC
123456,f7dc0714ffad01c0fd25,first_name,TEST-DATA_71,2023-03-16 10:30:24.000000 UTC
123456,f7dc0714ffad01c0fd25,last_name,TEST-DATA_31,2023-03-16 10:30:24.000000 UTC
123456,f7dc0714ffad01c0fd25,supplier_id,TEST-DATA_29,2023-03-16 10:30:24.000000 UTC
123456,f7dc0714ffac01c0fc25,last_name,TEST-DATA_12,2023-03-16 10:29:48.000000 UTC
123456,f7dc0714ffac01c0fc25,supplier_id,TEST-DATA_75,2023-03-16 10:29:48.000000 UTC
123456,f7dc0714ffac01c0fc25,first_name,TEST-DATA_32,2023-03-16 10:29:48.000000 UTC
123456,f7dc0714ffac01c0fc25,country,TEST-DATA_100,2023-03-16 10:29:48.000000 UTC
123456,f7dc0714ffab01c0fb25,supplier_id,TEST-DATA_22,2023-03-16 10:29:11.000000 UTC
123456,f7dc0714ffab01c0fb25,country,TEST-DATA_70,2023-03-16 10:29:11.000000 UTC
123456,f7dc0714ffaa01c0fa25,country,TEST-DATA_84,2023-03-16 10:28:38.000000 UTC
123456,f7dc0714ffaa01c0fa25,supplier_id,TEST-DATA_46,2023-03-16 10:28:38.000000 UTC
123456,f7dc0714ffa901c0f925,hubspot_contact_id,TEST-DATA_49,2023-03-16 13:24:09.000000 UTC
123456,f7dc0714ffa901c0f925,country,TEST-DATA_73,2023-03-15 13:24:05.000000 UTC
123456,f7dc0714ffa901c0f925,last_name,TEST-DATA_13,2023-03-15 13:24:05.000000 UTC
123456,f7dc0714ffa901c0f925,first_name,TEST-DATA_8,2023-03-15 13:24:05.000000 UTC
123456,f7dc0714ffa801c0f825,country,TEST-DATA_86,2023-03-15 05:31:34.000000 UTC
123456,f7dc0714ffa801c0f825,company_id,TEST-DATA_93,2023-03-15 05:31:34.000000 UTC
123456,f7dc0714ffa801c0f825,first_name,TEST-DATA_63,2023-03-15 05:31:34.000000 UTC
123456,f7dc0714ffa801c0f825,last_name,TEST-DATA_84,2023-03-15 05:31:34.000000 UTC
123456,f7dc0714ffa701c0f725,country,TEST-DATA_1,2023-03-15 18:54:07.000000 UTC
123456,f7dc0714ffa501c0f525,first_name,TEST-DATA_47,2023-03-10 05:29:04.000000 UTC
123456,f7dc0714ffa501c0f525,last_name,TEST-DATA_48,2023-03-10 05:29:04.000000 UTC
123456,f7dc0714ffa501c0f525,country,TEST-DATA_6,2023-03-10 05:29:04.000000 UTC
123456,f7dc0714ffa501c0f525,company_id,TEST-DATA_18,2023-03-13 05:30:28.000000 UTC
123456,f7dc0714ffa401c0f425,last_name,TEST-DATA_80,2023-03-09 13:22:20.000000 UTC
123456,f7dc0714ffa401c0f425,country,TEST-DATA_57,2023-03-09 13:22:20.000000 UTC
123456,f7dc0714ffa401c0f425,supplier_id,TEST-DATA_74,2023-03-09 13:22:20.000000 UTC
123456,f7dc0714ffa401c0f425,first_name,TEST-DATA_40,2023-03-09 13:22:20.000000 UTC
123456,f7dc0714ffa301c0f325,country,TEST-DATA_73,2023-03-08 14:50:18.000000 UTC
123456,f7dc0714ffa301c0f325,industry,TEST-DATA_18,2023-03-08 14:50:18.000000 UTC
123456,f7dc0714ffa301c0f325,company_id,TEST-DATA_36,2023-03-09 05:28:34.000000 UTC
123456,f7dc0714ffa301c0f325,first_name,TEST-DATA_71,2023-03-08 14:50:18.000000 UTC
123456,f7dc0714ffa301c0f325,last_name,TEST-DATA_55,2023-03-08 14:50:18.000000 UTC
123456,f7dc0714ffa201c0f225,country,TEST-DATA_60,2023-03-08 11:11:12.000000 UTC
123456,f7dc0714ffa201c0f225,cio_subscription_preferences,TEST-DATA_2,2023-03-14 11:21:29.000000 UTC
123456,f7dc0714ffa201c0f225,supplier_id,TEST-DATA_72,2023-03-08 11:11:12.000000 UTC
123456,f7dc0714ffa201c0f225,last_name,TEST-DATA_15,2023-03-08 11:11:12.000000 UTC
123456,f7dc0714ffa201c0f225,first_name,TEST-DATA_52,2023-03-08 11:11:12.000000 UTC
123456,f7dc0714ffa101c0f125,country,TEST-DATA_33,2023-03-08 11:09:40.000000 UTC
123456,f7dc0714ffa101c0f125,last_name,TEST-DATA_80,2023-03-08 11:09:40.000000 UTC
123456,f7dc0714ffa101c0f125,supplier_id,TEST-DATA_84,2023-03-08 11:09:40.000000 UTC
123456,f7dc0714ffa101c0f125,first_name,TEST-DATA_4,2023-03-08 11:09:40.000000 UTC
123456,f7dc0714ffa001c0f025,supplier_id,TEST-DATA_31,2023-03-08 10:42:22.000000 UTC
123456,f7dc0714ffa001c0f025,last_name,TEST-DATA_5,2023-03-08 10:42:22.000000 UTC
123456,f7dc0714ffa001c0f025,country,TEST-DATA_76,2023-03-08 10:42:22.000000 UTC
123456,f7dc0714ffa001c0f025,first_name,TEST-DATA_66,2023-03-08 10:42:22.000000 UTC
123456,f7dc0714ff9f01c0ef25,last_name,TEST-DATA_2,2023-03-08 10:40:43.000000 UTC
123456,f7dc0714ff9f01c0ef25,first_name,TEST-DATA_90,2023-03-08 10:40:43.000000 UTC
123456,f7dc0714ff9f01c0ef25,country,TEST-DATA_99,2023-03-08 10:40:43.000000 UTC
123456,f7dc0714ff9f01c0ef25,supplier_id,TEST-DATA_11,2023-03-08 10:40:43.000000 UTC
123456,f7dc0714ff9e01c0ee25,last_name,TEST-DATA_100,2023-03-08 10:36:00.000000 UTC
123456,f7dc0714ff9e01c0ee25,first_name,TEST-DATA_49,2023-03-08 10:36:00.000000 UTC
123456,f7dc0714ff9e01c0ee25,supplier_id,TEST-DATA_12,2023-03-08 10:36:00.000000 UTC
123456,f7dc0714ff9e01c0ee25,country,TEST-DATA_13,2023-03-08 10:36:00.000000 UTC
123456,f7dc0714ff9d01c0ed25,first_name,TEST-DATA_11,2023-03-08 10:30:05.000000 UTC
123456,f7dc0714ff9d01c0ed25,supplier_id,TEST-DATA_55,2023-03-08 10:30:05.000000 UTC
123456,f7dc0714ff9d01c0ed25,country,TEST-DATA_79,2023-03-08 10:30:05.000000 UTC
123456,f7dc0714ff9d01c0ed25,last_name,TEST-DATA_90,2023-03-08 10:30:05.000000 UTC
123456,f7dc0714ff9701c0e725,supplier_id,TEST-DATA_5,2023-03-06 17:32:11.000000 UTC
123456,f7dc0714ff9701c0e725,country,TEST-DATA_67,2023-03-06 17:32:11.000000 UTC
123456,f7dc0714ff9601c0e625,supplier_id,TEST-DATA_50,2023-03-06 17:31:55.000000 UTC
123456,f7dc0714ff9601c0e625,country,TEST-DATA_55,2023-03-06 17:31:55.000000 UTC
123456,f7dc0714ff9501c0e525,country,TEST-DATA_10,2023-03-16 10:39:05.000000 UTC
123456,f7dc0714ff9501c0e525,supplier_id,TEST-DATA_8,2023-03-06 17:31:38.000000 UTC
123456,f7dc0714ff9401c0e425,supplier_id,TEST-DATA_27,2023-03-06 17:31:24.000000 UTC
123456,f7dc0714ff9401c0e425,country,TEST-DATA_92,2023-03-16 10:37:49.000000 UTC
123456,f7dc0714ff9301c0e325,company_id,TEST-DATA_84,2023-03-06 11:53:59.000000 UTC
123456,f7dc0714ff9301c0e325,first_name,TEST-DATA_41,2023-03-04 05:00:47.000000 UTC
123456,f7dc0714ff9301c0e325,last_name,TEST-DATA_76,2023-03-04 05:00:47.000000 UTC
123456,f7dc0714ff9301c0e325,industry,TEST-DATA_75,2023-03-04 05:00:47.000000 UTC
123456,f7dc0714ff9301c0e325,country,TEST-DATA_34,2023-03-04 05:00:47.000000 UTC
123456,f7dc0714ff9201c0e225,country,TEST-DATA_79,2023-03-03 13:03:39.000000 UTC
123456,f7dc0714ff9201c0e225,last_name,TEST-DATA_30,2023-03-03 13:03:39.000000 UTC
123456,f7dc0714ff9201c0e225,supplier_id,TEST-DATA_24,2023-03-03 13:03:39.000000 UTC
123456,f7dc0714ff9201c0e225,first_name,TEST-DATA_48,2023-03-03 13:03:39.000000 UTC
123456,f7dc0714ff9101c0e125,first_name,TEST-DATA_83,2023-03-03 13:03:23.000000 UTC
123456,f7dc0714ff9101c0e125,supplier_id,TEST-DATA_95,2023-03-03 13:03:23.000000 UTC
123456,f7dc0714ff9101c0e125,last_name,TEST-DATA_10,2023-03-03 13:03:23.000000 UTC
123456,f7dc0714ff9101c0e125,country,TEST-DATA_12,2023-03-03 13:03:23.000000 UTC
123456,f7dc0714ff9001c0e025,country,TEST-DATA_8,2023-03-03 13:03:06.000000 UTC
123456,f7dc0714ff9001c0e025,first_name,TEST-DATA_25,2023-03-03 13:03:06.000000 UTC
123456,f7dc0714ff9001c0e025,last_name,TEST-DATA_83,2023-03-03 13:03:06.000000 UTC
123456,f7dc0714ff9001c0e025,supplier_id,TEST-DATA_79,2023-03-03 13:03:06.000000 UTC
123456,f7dc0714ff8f01c0df25,country,TEST-DATA_95,2023-03-03 13:02:48.000000 UTC
123456,f7dc0714ff8f01c0df25,supplier_id,TEST-DATA_76,2023-03-03 13:02:48.000000 UTC
123456,f7dc0714ff8f01c0df25,last_name,TEST-DATA_31,2023-03-03 13:02:48.000000 UTC
123456,f7dc0714ff8f01c0df25,first_name,TEST-DATA_80,2023-03-03 13:02:48.000000 UTC
123456,f7dc0714ff8e01c0de25,first_name,TEST-DATA_6,2023-03-03 13:02:31.000000 UTC
123456,f7dc0714ff8e01c0de25,country,TEST-DATA_59,2023-03-03 13:02:31.000000 UTC
123456,f7dc0714ff8e01c0de25,last_name,TEST-DATA_88,2023-03-03 13:02:31.000000 UTC
123456,f7dc0714ff8e01c0de25,supplier_id,TEST-DATA_24,2023-03-03 13:02:31.000000 UTC
123456,f7dc0714ff8d01c0dd25,supplier_id,TEST-DATA_11,2023-03-03 12:05:11.000000 UTC
123456,f7dc0714ff8d01c0dd25,country,TEST-DATA_55,2023-03-03 12:05:11.000000 UTC
123456,f7dc0714ff8d01c0dd25,last_name,TEST-DATA_17,2023-03-03 12:05:11.000000 UTC
123456,f7dc0714ff8d01c0dd25,first_name,TEST-DATA_20,2023-03-03 12:05:11.000000 UTC
123456,f7dc0714ff8c01c0dc25,company_id,TEST-DATA_86,2023-03-06 11:53:59.000000 UTC
123456,f7dc0714ff8c01c0dc25,last_name,TEST-DATA_64,2023-03-02 16:04:14.000000 UTC
123456,f7dc0714ff8c01c0dc25,first_name,TEST-DATA_15,2023-03-02 16:04:14.000000 UTC
123456,f7dc0714ff8c01c0dc25,country,TEST-DATA_62,2023-03-02 16:04:14.000000 UTC
123456,f7dc0714ff8b01c0db25,country,TEST-DATA_38,2023-03-01 16:53:39.000000 UTC
123456,f7dc0714ff8b01c0db25,company_id,TEST-DATA_64,2023-03-06 11:54:00.000000 UTC
123456,f7dc0714ff8b01c0db25,first_name,TEST-DATA_55,2023-03-01 16:53:39.000000 UTC
123456,f7dc0714ff8b01c0db25,last_name,TEST-DATA_13,2023-03-01 16:53:39.000000 UTC
123456,f7dc0714ff8a01c0da25,last_name,TEST-DATA_56,2023-03-01 03:51:33.000000 UTC
123456,f7dc0714ff8a01c0da25,first_name,TEST-DATA_46,2023-03-01 01:48:33.000000 UTC
123456,f7dc0714ff8a01c0da25,country,TEST-DATA_2,2023-03-01 03:51:33.000000 UTC
123456,f7dc0714ff8a01c0da25,company_id,TEST-DATA_36,2023-03-06 11:54:00.000000 UTC
123456,f7dc0714ff8901c0d925,country,TEST-DATA_39,2023-02-26 03:50:13.000000 UTC
123456,f7dc0714ff8901c0d925,first_name,TEST-DATA_16,2023-02-26 03:50:13.000000 UTC
123456,f7dc0714ff8901c0d925,company_id,TEST-DATA_14,2023-03-06 11:54:00.000000 UTC
123456,f7dc0714ff8901c0d925,last_name,TEST-DATA_67,2023-02-26 03:50:13.000000 UTC
123456,f7dc0714ff8801c0d825,first_name,TEST-DATA_33,2023-02-24 03:22:15.000000 UTC
123456,f7dc0714ff8801c0d825,country,TEST-DATA_44,2023-02-24 03:22:15.000000 UTC
123456,f7dc0714ff8801c0d825,last_name,TEST-DATA_71,2023-02-24 03:22:15.000000 UTC
123456,f7dc0714ff8801c0d825,company_id,TEST-DATA_64,2023-03-06 11:54:00.000000 UTC
123456,f7dc0714ff8701c0d725,country,TEST-DATA_37,2023-02-22 18:04:26.000000 UTC
123456,f7dc0714ff8701c0d725,first_name,TEST-DATA_31,2023-02-22 18:04:26.000000 UTC
123456,f7dc0714ff8701c0d725,company_id,TEST-DATA_79,2023-03-06 11:53:59.000000 UTC
123456,f7dc0714ff8701c0d725,last_name,TEST-DATA_98,2023-02-22 18:04:26.000000 UTC
123456,f7dc0714ff8701c0d725,industry,TEST-DATA_76,2023-02-22 18:04:26.000000 UTC
123456,f7dc0714ff8601c0d625,company_id,TEST-DATA_19,2023-02-22 01:30:30.000000 UTC
123456,f7dc0714ff8501c0d525,last_name,TEST-DATA_40,2023-02-20 19:04:09.000000 UTC
123456,f7dc0714ff8501c0d525,country,TEST-DATA_32,2023-03-14 13:31:09.000000 UTC
123456,f7dc0714ff8501c0d525,company_id,TEST-DATA_91,2023-02-20 19:04:09.000000 UTC
123456,f7dc0714ff8501c0d525,first_name,TEST-DATA_4,2023-02-20 19:04:09.000000 UTC
123456,f7dc0714ff8401c0d425,company_id,TEST-DATA_30,2023-03-06 11:54:00.000000 UTC
123456,f7dc0714ff8401c0d425,country,TEST-DATA_40,2023-02-19 10:52:34.000000 UTC
123456,f7dc0714ff8401c0d425,last_name,TEST-DATA_50,2023-02-19 10:52:34.000000 UTC
123456,f7dc0714ff8401c0d425,first_name,TEST-DATA_25,2023-02-19 10:52:34.000000 UTC
123456,f7dc0714ff8001c0d025,country,TEST-DATA_43,2023-03-16 10:55:03.000000 UTC
123456,f7dc0714ff8001c0d025,first_name,TEST-DATA_58,2023-03-16 10:55:03.000000 UTC
123456,f7dc0714ff8001c0d025,supplier_id,TEST-DATA_70,2023-03-16 10:55:03.000000 UTC
123456,f7dc0714ff8001c0d025,last_name,TEST-DATA_76,2023-03-16 10:55:03.000000 UTC
123456,f7dc0714ff7dc0cd25,first_name,TEST-DATA_29,2023-02-16 02:37:59.000000 UTC
123456,f7dc0714ff7dc0cd25,last_name,TEST-DATA_42,2023-02-16 02:37:59.000000 UTC
123456,f7dc0714ff7dc0cd25,deal_id,TEST-DATA_28,2023-02-17 08:53:14.000000 UTC
123456,f7dc0714ff7cc0cc25,company_id,TEST-DATA_1,2023-02-14 18:04:15.000000 UTC
123456,f7dc0714ff7bc0cb25,company_id,TEST-DATA_15,2023-02-14 18:04:15.000000 UTC
123456,f7dc0714ff7ac0ca25,company_id,TEST-DATA_17,2023-02-14 18:04:14.000000 UTC
123456,f7dc0714ff79c0c925,company_id,TEST-DATA_5,2023-02-14 18:04:14.000000 UTC
123456,f7dc0714ff78c0c825,company_id,TEST-DATA_60,2023-02-14 18:04:14.000000 UTC
123456,f7dc0714ff77c0c725,company_id,TEST-DATA_70,2023-02-14 18:04:13.000000 UTC
123456,f7dc0714ff76c0c625,country,TEST-DATA_84,2023-02-20 13:23:15.000000 UTC
123456,f7dc0714ff76c0c625,company_id,TEST-DATA_76,2023-02-14 18:04:13.000000 UTC
123456,f7dc0714ff75c0c525,company_id,TEST-DATA_38,2023-02-14 18:04:13.000000 UTC
123456,f7dc0714ff74c0c425,country,TEST-DATA_80,2023-02-14 12:39:08.000000 UTC
123456,f7dc0714ff74c0c425,first_name,TEST-DATA_51,2023-02-14 12:39:08.000000 UTC
123456,f7dc0714ff74c0c425,last_name,TEST-DATA_85,2023-02-14 12:39:08.000000 UTC
123456,f7dc0714ff74c0c425,industry,TEST-DATA_74,2023-02-14 12:39:08.000000 UTC
123456,f7dc0714ff74c0c425,company_id,TEST-DATA_14,2023-03-06 11:53:58.000000 UTC
123456,f7dc0714ff73c0c325,company_id,TEST-DATA_53,2023-03-06 11:53:58.000000 UTC
123456,f7dc0714ff73c0c325,last_name,TEST-DATA_100,2023-02-13 09:27:37.000000 UTC
123456,f7dc0714ff73c0c325,industry,TEST-DATA_91,2023-02-13 09:27:37.000000 UTC
123456,f7dc0714ff73c0c325,country,TEST-DATA_80,2023-02-13 09:27:37.000000 UTC
123456,f7dc0714ff73c0c325,first_name,TEST-DATA_56,2023-02-13 09:27:37.000000 UTC
123456,f7dc0714ff72c0c225,company_id,TEST-DATA_61,2023-02-10 00:03:43.000000 UTC
123456,f7dc0714ff71c0c125,company_id,TEST-DATA_20,2023-02-08 15:47:06.000000 UTC
123456,f7dc0714ff6fc0bf25,first_name,TEST-DATA_8,2023-02-05 11:00:30.000000 UTC
123456,f7dc0714ff6fc0bf25,company_id,TEST-DATA_41,2023-03-06 11:53:58.000000 UTC
123456,f7dc0714ff6fc0bf25,country,TEST-DATA_31,2023-02-05 11:00:30.000000 UTC
123456,f7dc0714ff6fc0bf25,industry,TEST-DATA_14,2023-02-05 11:00:30.000000 UTC
123456,f7dc0714ff6fc0bf25,last_name,TEST-DATA_65,2023-02-05 11:00:30.000000 UTC
123456,f7dc0714ff6ec0be25,company_id,TEST-DATA_21,2023-02-02 23:16:36.000000 UTC
123456,f7dc0714ff6dc0bd25,last_name,TEST-DATA_36,2023-02-02 09:30:21.000000 UTC
123456,f7dc0714ff6dc0bd25,first_name,TEST-DATA_8,2023-02-02 09:30:21.000000 UTC
123456,f7dc0714ff6dc0bd25,company_id,TEST-DATA_58,2023-03-06 11:54:00.000000 UTC
123456,f7dc0714ff6dc0bd25,country,TEST-DATA_39,2023-02-02 09:30:21.000000 UTC
123456,f7dc0714ff6cc0bc25,country,TEST-DATA_41,2023-02-01 09:34:38.000000 UTC
123456,f7dc0714ff6bc0bb25,company_id,TEST-DATA_73,2023-02-14 18:04:14.000000 UTC
123456,f7dc0714ff6ac0ba25,company_id,TEST-DATA_66,2023-02-02 15:22:41.000000 UTC
123456,f7dc0714ff6ac0ba25,industry,TEST-DATA_85,2023-01-29 00:20:33.000000 UTC
123456,f7dc0714ff6ac0ba25,last_name,TEST-DATA_13,2023-01-29 00:20:33.000000 UTC
123456,f7dc0714ff6ac0ba25,country,TEST-DATA_23,2023-01-29 00:20:33.000000 UTC
123456,f7dc0714ff6ac0ba25,first_name,TEST-DATA_62,2023-01-29 00:20:33.000000 UTC
123456,f7dc0714ff69c0b925,first_name,TEST-DATA_95,2023-01-27 06:58:57.000000 UTC
123456,f7dc0714ff69c0b925,country,TEST-DATA_73,2023-02-24 19:30:29.000000 UTC
123456,f7dc0714ff69c0b925,last_name,TEST-DATA_70,2023-01-27 06:58:57.000000 UTC
123456,f7dc0714ff68c0b825,company_id,TEST-DATA_43,2023-03-06 11:53:58.000000 UTC
123456,f7dc0714ff68c0b825,last_name,TEST-DATA_97,2023-01-25 22:52:38.000000 UTC
123456,f7dc0714ff68c0b825,country,TEST-DATA_45,2023-01-25 22:52:38.000000 UTC
123456,f7dc0714ff68c0b825,first_name,TEST-DATA_83,2023-01-25 22:52:38.000000 UTC
123456,f7dc0714ff67c0b725,first_name,TEST-DATA_4,2023-01-24 16:02:57.000000 UTC
123456,f7dc0714ff67c0b725,country,TEST-DATA_32,2023-01-24 16:02:57.000000 UTC
123456,f7dc0714ff67c0b725,industry,TEST-DATA_5,2023-01-24 16:02:57.000000 UTC
123456,f7dc0714ff67c0b725,last_name,TEST-DATA_16,2023-01-24 16:02:57.000000 UTC
123456,f7dc0714ff67c0b725,company_id,TEST-DATA_23,2023-03-06 11:53:58.000000 UTC
123456,f7dc0714ff66c0b625,company_id,TEST-DATA_72,2023-01-21 22:20:15.000000 UTC
123456,f7dc0714ff65c0b525,country,TEST-DATA_9,2023-01-19 21:57:01.000000 UTC
123456,f7dc0714ff65c0b525,first_name,TEST-DATA_84,2023-01-19 21:57:01.000000 UTC
123456,f7dc0714ff65c0b525,last_name,TEST-DATA_10,2023-01-19 21:57:01.000000 UTC
123456,f7dc0714ff65c0b525,company_id,TEST-DATA_33,2023-01-19 21:57:01.000000 UTC
123456,f7dc0714ff65c0b525,country,TEST-DATA_20,2023-01-19 21:57:01.000000 UTC
123456,f7dc0714ff65c0b525,company_id,TEST-DATA_30,2023-01-19 21:57:01.000000 UTC
123456,f7dc0714ff65c0b525,first_name,TEST-DATA_60,2023-01-19 21:57:01.000000 UTC
123456,f7dc0714ff65c0b525,last_name,TEST-DATA_83,2023-01-19 21:57:01.000000 UTC
123456,f7dc0714ff64c0b425,company_id,TEST-DATA_63,2023-01-18 13:41:04.000000 UTC
123456,f7dc0714ff63c0b325,last_name,TEST-DATA_36,2023-01-17 13:42:47.000000 UTC
123456,f7dc0714ff63c0b325,company_id,TEST-DATA_60,2023-03-06 11:54:00.000000 UTC
123456,f7dc0714ff63c0b325,first_name,TEST-DATA_91,2023-01-17 13:42:47.000000 UTC
123456,f7dc0714ff63c0b325,country,TEST-DATA_73,2023-01-17 13:42:47.000000 UTC
123456,f7dc0714ff63c0b325,first_name,TEST-DATA_66,2023-01-17 13:42:47.000000 UTC
123456,f7dc0714ff63c0b325,last_name,TEST-DATA_72,2023-01-17 13:42:47.000000 UTC
123456,f7dc0714ff63c0b325,country,TEST-DATA_9,2023-01-17 13:42:47.000000 UTC
123456,f7dc0714ff62c0b225,first_name,TEST-DATA_46,2023-01-16 10:42:13.000000 UTC
123456,f7dc0714ff62c0b225,last_name,TEST-DATA_28,2023-01-16 10:42:13.000000 UTC
123456,f7dc0714ff62c0b225,country,TEST-DATA_70,2023-01-16 10:42:13.000000 UTC
123456,f7dc0714ff62c0b225,company_id,TEST-DATA_11,2023-03-06 11:54:00.000000 UTC
123456,f7dc0714ff61c0b125,first_name,TEST-DATA_17,2023-01-13 07:20:08.000000 UTC
123456,f7dc0714ff61c0b125,industry,TEST-DATA_41,2023-01-13 07:20:08.000000 UTC
123456,f7dc0714ff61c0b125,deal_id,TEST-DATA_87,2023-01-20 21:50:51.000000 UTC
123456,f7dc0714ff61c0b125,deal_id,TEST-DATA_86,2023-01-20 21:50:51.000000 UTC
123456,f7dc0714ff61c0b125,last_name,TEST-DATA_22,2023-01-13 07:20:08.000000 UTC
123456,f7dc0714ff61c0b125,company_id,TEST-DATA_89,2023-03-06 11:53:59.000000 UTC
123456,f7dc0714ff61c0b125,country,TEST-DATA_3,2023-01-13 07:20:08.000000 UTC
123456,f7dc0714ff60c0b025,country,TEST-DATA_87,2023-01-11 21:07:28.000000 UTC
123456,f7dc0714ff60c0b025,first_name,TEST-DATA_68,2023-01-11 21:07:28.000000 UTC
123456,f7dc0714ff60c0b025,country,TEST-DATA_2,2023-01-11 21:07:28.000000 UTC
123456,f7dc0714ff60c0b025,first_name,TEST-DATA_80,2023-01-11 21:07:28.000000 UTC
123456,f7dc0714ff60c0b025,last_name,TEST-DATA_19,2023-01-11 21:07:28.000000 UTC
123456,f7dc0714ff60c0b025,company_id,TEST-DATA_85,2023-03-06 11:53:58.000000 UTC
123456,f7dc0714ff60c0b025,last_name,TEST-DATA_74,2023-01-11 21:07:28.000000 UTC
123456,f7dc0714ff5fc0af25,country,TEST-DATA_41,2023-01-10 12:59:25.000000 UTC
123456,f7dc0714ff5fc0af25,last_name,TEST-DATA_48,2023-01-10 12:59:25.000000 UTC
123456,f7dc0714ff5fc0af25,first_name,TEST-DATA_52,2023-01-10 12:59:25.000000 UTC
123456,f7dc0714ff5fc0af25,company_id,TEST-DATA_100,2023-03-06 11:53:58.000000 UTC
123456,f7dc0714ff5fc0af25,country,TEST-DATA_38,2023-01-10 12:59:25.000000 UTC
123456,f7dc0714ff5fc0af25,first_name,TEST-DATA_30,2023-01-10 12:59:25.000000 UTC
123456,f7dc0714ff5fc0af25,last_name,TEST-DATA_75,2023-01-10 12:59:25.000000 UTC
123456,f7dc0714ff5ec0ae25,last_name,TEST-DATA_40,2023-01-09 12:50:43.000000 UTC
123456,f7dc0714ff5ec0ae25,first_name,TEST-DATA_56,2023-01-09 12:50:43.000000 UTC
123456,f7dc0714ff5ec0ae25,country,TEST-DATA_16,2023-01-09 12:50:43.000000 UTC
123456,f7dc0714ff5ec0ae25,company_id,TEST-DATA_50,2023-03-06 11:54:00.000000 UTC
123456,f7dc0714ff5dc0ad25,last_name,TEST-DATA_30,2023-01-06 20:33:14.000000 UTC
123456,f7dc0714ff5dc0ad25,first_name,TEST-DATA_74,2023-01-06 20:33:14.000000 UTC
123456,f7dc0714ff5dc0ad25,country,TEST-DATA_64,2023-01-06 20:33:14.000000 UTC
123456,f7dc0714ff5cc0ac25,company_id,TEST-DATA_91,2023-01-27 15:01:14.000000 UTC
123456,f7dc0714ff5cc0ac25,cio_subscription_preferences,TEST-DATA_50,2023-03-13 09:15:12.000000 UTC
123456,f7dc0714ff5cc0ac25,company,TEST-DATA_60,2023-01-05 18:50:37.000000 UTC
123456,f7dc0714ff5cc0ac25,last_name,TEST-DATA_48,2023-01-05 18:50:37.000000 UTC
123456,f7dc0714ff5cc0ac25,first_name,TEST-DATA_48,2023-01-05 18:50:37.000000 UTC
123456,f7dc0714ff5bc0ab25,last_name,TEST-DATA_95,2023-01-04 18:43:05.000000 UTC
123456,f7dc0714ff5bc0ab25,first_name,TEST-DATA_72,2023-01-04 18:43:05.000000 UTC
123456,f7dc0714ff5bc0ab25,country,TEST-DATA_90,2023-01-05 04:23:07.000000 UTC
123456,f7dc0714ff5bc0ab25,company_id,TEST-DATA_84,2023-03-06 11:54:00.000000 UTC
123456,f7dc0714ff59c0a925,first_name,TEST-DATA_52,2023-01-04 20:22:14.000000 UTC
123456,f7dc0714ff59c0a925,company_id,TEST-DATA_91,2023-03-06 11:53:58.000000 UTC
123456,f7dc0714ff59c0a925,country,TEST-DATA_17,2023-01-04 20:22:14.000000 UTC
123456,f7dc0714ff59c0a925,last_name,TEST-DATA_20,2023-01-04 20:22:14.000000 UTC
123456,f7dc0714ff56c0a625,company_id,TEST-DATA_49,2023-01-04 04:16:56.000000 UTC
123456,f7dc0714ff55c0a525,company_id,TEST-DATA_1,2023-01-04 04:16:26.000000 UTC
123456,f7dc0714ff54c0a425,company_id,TEST-DATA_52,2023-01-03 20:16:52.000000 UTC
123456,f7dc0714ff53c0a325,company_id,TEST-DATA_18,2023-01-03 20:16:51.000000 UTC
123456,f7dc0714ff52c0a225,company_id,TEST-DATA_6,2023-01-03 20:16:51.000000 UTC
123456,f7dc0714ff51c0a125,company_id,TEST-DATA_96,2023-01-03 20:16:51.000000 UTC
123456,f7dc0714ff50c0a025,company_id,TEST-DATA_13,2023-01-03 20:16:50.000000 UTC
123456,f7dc0714ff4fc09f25,company_id,TEST-DATA_71,2023-01-03 20:16:50.000000 UTC
123456,f7dc0714ff4ec09e25,company_id,TEST-DATA_99,2023-01-03 20:16:50.000000 UTC
123456,f7dc0714ff4dc09d25,company_id,TEST-DATA_12,2023-01-03 20:16:49.000000 UTC
123456,f7dc0714ff4cc09c25,company_id,TEST-DATA_100,2023-01-03 20:16:49.000000 UTC
123456,f7dc0714ff4bc09b25,company_id,TEST-DATA_3,2023-01-03 20:16:49.000000 UTC
123456,f7dc0714ff4ac09a25,company_id,TEST-DATA_82,2023-01-03 20:16:49.000000 UTC
123456,f7dc0714ff49c09925,company_id,TEST-DATA_48,2023-01-03 20:16:49.000000 UTC
123456,f7dc0714ff48c09825,company_id,TEST-DATA_36,2023-01-03 20:16:49.000000 UTC
123456,f7dc0714ff47c09725,company_id,TEST-DATA_66,2023-01-03 20:16:49.000000 UTC
123456,f7dc0714ff46c09625,company_id,TEST-DATA_41,2023-01-03 20:16:47.000000 UTC
123456,f7dc0714ff45c09525,company_id,TEST-DATA_83,2023-01-03 20:16:47.000000 UTC
123456,f7dc0714ff44c09425,company_id,TEST-DATA_12,2023-01-03 20:16:47.000000 UTC
123456,f7dc0714ff43c09325,company_id,TEST-DATA_51,2023-01-03 20:16:47.000000 UTC
123456,f7dc0714ff42c09225,company_id,TEST-DATA_96,2023-01-03 20:16:47.000000 UTC
123456,f7dc0714ff41c09125,company_id,TEST-DATA_47,2023-01-03 20:16:47.000000 UTC
123456,f7dc0714ff40c09025,company_id,TEST-DATA_70,2023-01-03 20:16:47.000000 UTC
123456,f7dc0714ff3fc08f25,company_id,TEST-DATA_58,2023-01-03 20:16:47.000000 UTC
123456,f7dc0714ff3ec08e25,company_id,TEST-DATA_72,2023-01-03 20:16:47.000000 UTC
123456,f7dc0714ff3dc08d25,company_id,TEST-DATA_84,2023-01-03 20:16:47.000000 UTC
123456,f7dc0714ff3cc08c25,company_id,TEST-DATA_74,2023-01-03 20:16:47.000000 UTC
123456,f7dc0714ff3bc08b25,company_id,TEST-DATA_69,2023-01-03 20:16:46.000000 UTC
123456,f7dc0714ff3ac08a25,company_id,TEST-DATA_15,2023-01-03 20:16:46.000000 UTC
123456,f7dc0714ff39c08925,company_id,TEST-DATA_14,2023-01-03 20:16:46.000000 UTC
123456,f7dc0714ff38c08825,company_id,TEST-DATA_62,2023-01-03 20:16:46.000000 UTC
123456,f7dc0714ff37c08725,company_id,TEST-DATA_30,2023-01-03 20:16:44.000000 UTC
123456,f7dc0714ff36c08625,company_id,TEST-DATA_86,2023-01-03 20:16:44.000000 UTC
123456,f7dc0714ff35c08525,company_id,TEST-DATA_79,2023-01-03 20:16:44.000000 UTC
123456,f7dc0714ff34c08425,company_id,TEST-DATA_100,2023-01-03 20:16:44.000000 UTC
123456,f7dc0714ff33c08325,company_id,TEST-DATA_50,2023-01-03 20:16:44.000000 UTC
123456,f7dc0714ff32c08225,company_id,TEST-DATA_60,2023-01-03 20:16:43.000000 UTC
123456,f7dc0714ff31c08125,company_id,TEST-DATA_9,2023-01-03 20:16:43.000000 UTC
123456,f7dc0714ff30c08025,company_id,TEST-DATA_90,2023-01-03 20:16:43.000000 UTC
123456,f7dc0714ff2fc0ff24,company_id,TEST-DATA_12,2023-01-03 20:16:43.000000 UTC
123456,f7dc0714ff2ec0fe24,company_id,TEST-DATA_88,2023-01-03 20:16:43.000000 UTC
123456,f7dc0714ff2dc0fd24,company_id,TEST-DATA_86,2023-01-03 20:16:42.000000 UTC
123456,f7dc0714ff2cc0fc24,company_id,TEST-DATA_86,2023-01-03 20:16:42.000000 UTC
123456,f7dc0714ff2bc0fb24,company_id,TEST-DATA_30,2023-01-03 20:16:42.000000 UTC
123456,f7dc0714ff2ac0fa24,company_id,TEST-DATA_76,2023-01-03 20:16:42.000000 UTC
123456,f7dc0714ff29c0f924,company_id,TEST-DATA_27,2023-01-03 20:16:42.000000 UTC
123456,f7dc0714ff28c0f824,company_id,TEST-DATA_38,2023-01-03 20:16:42.000000 UTC
123456,f7dc0714ff27c0f724,company_id,TEST-DATA_100,2023-01-03 20:16:42.000000 UTC
123456,f7dc0714ff26c0f624,company_id,TEST-DATA_19,2023-01-03 20:16:41.000000 UTC
123456,f7dc0714ff25c0f524,company_id,TEST-DATA_39,2023-01-03 20:16:41.000000 UTC
123456,f7dc0714ff24c0f424,company_id,TEST-DATA_58,2023-01-03 20:16:41.000000 UTC
123456,f7dc0714ff23c0f324,company_id,TEST-DATA_67,2023-01-03 20:16:41.000000 UTC
123456,f7dc0714ff22c0f224,company_id,TEST-DATA_97,2023-01-03 20:16:40.000000 UTC
123456,f7dc0714ff21c0f124,company_id,TEST-DATA_68,2023-01-03 20:16:40.000000 UTC
123456,f7dc0714ff20c0f024,company_id,TEST-DATA_29,2023-01-03 20:16:39.000000 UTC
123456,f7dc0714ff1fc0ef24,company_id,TEST-DATA_64,2023-01-03 20:16:39.000000 UTC
123456,f7dc0714ff1ec0ee24,company_id,TEST-DATA_25,2023-01-03 20:16:39.000000 UTC
123456,f7dc0714ff1dc0ed24,company_id,TEST-DATA_20,2023-01-03 20:16:39.000000 UTC
123456,f7dc0714ff1cc0ec24,company_id,TEST-DATA_23,2023-01-03 20:16:39.000000 UTC
123456,f7dc0714ff1bc0eb24,company_id,TEST-DATA_3,2023-01-03 20:16:39.000000 UTC
123456,f7dc0714ff1ac0ea24,company_id,TEST-DATA_25,2023-01-03 20:16:39.000000 UTC
123456,f7dc0714ff19c0e924,company_id,TEST-DATA_49,2023-01-03 20:16:39.000000 UTC
123456,f7dc0714ff18c0e824,company_id,TEST-DATA_37,2023-01-03 20:16:38.000000 UTC
123456,f7dc0714ff17c0e724,company_id,TEST-DATA_67,2023-01-03 20:16:38.000000 UTC
123456,f7dc0714ff16c0e624,company_id,TEST-DATA_66,2023-01-03 20:16:38.000000 UTC
123456,f7dc0714ff15c0e524,company_id,TEST-DATA_98,2023-01-03 20:16:38.000000 UTC
123456,f7dc0714ff14c0e424,company_id,TEST-DATA_96,2023-01-03 20:16:38.000000 UTC
123456,f7dc0714ff13c0e324,company_id,TEST-DATA_72,2023-01-03 20:16:38.000000 UTC
123456,f7dc0714ff12c0e224,company_id,TEST-DATA_63,2023-01-03 20:16:37.000000 UTC
123456,f7dc0714ff11c0e124,company_id,TEST-DATA_36,2023-01-03 20:16:37.000000 UTC
123456,f7dc0714ff10c0e024,company_id,TEST-DATA_71,2023-01-03 20:16:37.000000 UTC
123456,f7dc0714ff0fc0df24,company_id,TEST-DATA_59,2023-01-03 20:16:37.000000 UTC
123456,f7dc0714ff0ec0de24,company_id,TEST-DATA_94,2023-01-03 20:16:36.000000 UTC
123456,f7dc0714ff0dc0dd24,company_id,TEST-DATA_88,2023-01-03 20:16:36.000000 UTC
123456,f7dc0714ff0cc0dc24,company_id,TEST-DATA_36,2023-01-03 20:16:36.000000 UTC
123456,f7dc0714ff0bc0db24,company_id,TEST-DATA_61,2023-01-03 20:16:36.000000 UTC
123456,f7dc0714ff0ac0da24,company_id,TEST-DATA_76,2023-01-03 20:16:35.000000 UTC
123456,f7dc0714ff09c0d924,company_id,TEST-DATA_42,2023-01-03 20:16:35.000000 UTC
123456,f7dc0714ff08c0d824,company_id,TEST-DATA_89,2023-01-03 20:16:35.000000 UTC
123456,f7dc0714ff07c0d724,company_id,TEST-DATA_13,2023-01-03 20:16:34.000000 UTC
123456,f7dc0714ff06c0d624,company_id,TEST-DATA_93,2023-01-03 20:16:34.000000 UTC
123456,f7dc0714ff05c0d524,company_id,TEST-DATA_90,2023-01-03 20:16:34.000000 UTC
123456,f7dc0714ff04c0d424,company_id,TEST-DATA_80,2023-01-03 20:16:33.000000 UTC
123456,f7dc0714ff03c0d324,company_id,TEST-DATA_91,2023-01-03 20:16:32.000000 UTC
123456,f7dc0714ff02c0d224,company_id,TEST-DATA_32,2023-01-03 20:16:32.000000 UTC
123456,f7dc0714ff01c0d124,company_id,TEST-DATA_37,2023-01-03 20:16:31.000000 UTC
123456,f7dc0714fed301bfa326,country,TEST-DATA_12,2023-03-19 21:15:02.000000 UTC
123456,f7dc0714fed301bfa326,last_name,TEST-DATA_72,2023-03-19 21:15:02.000000 UTC
123456,f7dc0714fed301bfa326,first_name,TEST-DATA_5,2023-03-19 21:15:02.000000 UTC
123456,f7dc0714fed201bfa226,last_name,TEST-DATA_63,2023-03-17 10:04:41.000000 UTC
123456,f7dc0714fed201bfa226,supplier_id,TEST-DATA_66,2023-03-17 10:04:41.000000 UTC
123456,f7dc0714fed201bfa226,company_id,TEST-DATA_7,2023-03-17 10:06:23.000000 UTC
123456,f7dc0714fed201bfa226,first_name,TEST-DATA_75,2023-03-17 10:04:41.000000 UTC
123456,f7dc0714fed201bfa226,hubspot_contact_id,TEST-DATA_10,2023-03-17 10:06:26.000000 UTC
123456,f7dc0714fed201bfa226,country,TEST-DATA_62,2023-03-17 10:04:41.000000 UTC
123456,f7dc0714fed101bfa126,country,TEST-DATA_95,2023-03-16 11:04:47.000000 UTC
123456,f7dc0714fed101bfa126,supplier_id,TEST-DATA_12,2023-03-16 11:04:47.000000 UTC
123456,f7dc0714fed101bfa126,company_id,TEST-DATA_53,2023-03-16 13:01:39.000000 UTC
123456,f7dc0714fed101bfa126,hubspot_contact_id,TEST-DATA_31,2023-03-16 13:01:51.000000 UTC
123456,f7dc0714fed001bfa026,supplier_id,TEST-DATA_75,2023-03-16 11:04:12.000000 UTC
123456,f7dc0714fed001bfa026,last_name,TEST-DATA_28,2023-03-16 11:04:12.000000 UTC
123456,f7dc0714fed001bfa026,first_name,TEST-DATA_38,2023-03-16 11:04:12.000000 UTC
123456,f7dc0714fed001bfa026,country,TEST-DATA_95,2023-03-16 11:04:12.000000 UTC
123456,f7dc0714fecf01bf9f26,supplier_id,TEST-DATA_4,2023-03-16 11:03:23.000000 UTC
123456,f7dc0714fecf01bf9f26,first_name,TEST-DATA_57,2023-03-16 11:03:23.000000 UTC
123456,f7dc0714fecf01bf9f26,country,TEST-DATA_49,2023-03-16 11:03:23.000000 UTC
123456,f7dc0714fece01bf9e26,supplier_id,TEST-DATA_34,2023-03-16 11:02:35.000000 UTC
123456,f7dc0714fece01bf9e26,first_name,TEST-DATA_24,2023-03-16 11:02:35.000000 UTC
123456,f7dc0714fece01bf9e26,country,TEST-DATA_2,2023-03-16 11:02:35.000000 UTC
123456,f7dc0714fece01bf9e26,last_name,TEST-DATA_89,2023-03-16 11:02:35.000000 UTC
123456,f7dc0714fecd01bf9d26,first_name,TEST-DATA_18,2023-03-16 11:00:51.000000 UTC
123456,f7dc0714fecd01bf9d26,country,TEST-DATA_89,2023-03-16 11:00:51.000000 UTC
123456,f7dc0714fecd01bf9d26,last_name,TEST-DATA_81,2023-03-16 11:00:51.000000 UTC
123456,f7dc0714fecd01bf9d26,supplier_id,TEST-DATA_14,2023-03-16 11:00:51.000000 UTC
123456,f7dc0714fecc01bf9c26,supplier_id,TEST-DATA_22,2023-03-16 10:58:42.000000 UTC
123456,f7dc0714fecc01bf9c26,country,TEST-DATA_75,2023-03-16 10:58:42.000000 UTC
123456,f7dc0714fecc01bf9c26,last_name,TEST-DATA_94,2023-03-16 10:58:42.000000 UTC
123456,f7dc0714fecc01bf9c26,first_name,TEST-DATA_35,2023-03-16 10:58:42.000000 UTC
123456,f7dc0714fecb01bf9b26,country,TEST-DATA_5,2023-03-16 10:57:53.000000 UTC
123456,f7dc0714fecb01bf9b26,supplier_id,TEST-DATA_61,2023-03-16 10:57:53.000000 UTC
123456,f7dc0714fecb01bf9b26,last_name,TEST-DATA_54,2023-03-16 10:57:53.000000 UTC
123456,f7dc0714fecb01bf9b26,first_name,TEST-DATA_64,2023-03-16 10:57:53.000000 UTC
123456,f7dc0714feca01bf9a26,supplier_id,TEST-DATA_29,2023-03-16 10:56:36.000000 UTC
123456,f7dc0714feca01bf9a26,last_name,TEST-DATA_34,2023-03-16 10:56:36.000000 UTC
123456,f7dc0714feca01bf9a26,country,TEST-DATA_42,2023-03-16 10:56:36.000000 UTC
123456,f7dc0714feca01bf9a26,first_name,TEST-DATA_43,2023-03-16 10:56:36.000000 UTC
123456,f7dc0714fec901bf9926,last_name,TEST-DATA_1,2023-03-16 10:55:58.000000 UTC
123456,f7dc0714fec901bf9926,country,TEST-DATA_44,2023-03-16 10:55:58.000000 UTC
123456,f7dc0714fec901bf9926,supplier_id,TEST-DATA_70,2023-03-16 10:55:58.000000 UTC
123456,f7dc0714fec901bf9926,first_name,TEST-DATA_38,2023-03-16 10:55:58.000000 UTC
123456,f7dc0714fec801bf9826,country,TEST-DATA_56,2023-03-16 10:53:33.000000 UTC
123456,f7dc0714fec801bf9826,last_name,TEST-DATA_14,2023-03-16 10:53:33.000000 UTC
123456,f7dc0714fec801bf9826,first_name,TEST-DATA_75,2023-03-16 10:53:33.000000 UTC
123456,f7dc0714fec801bf9826,supplier_id,TEST-DATA_19,2023-03-16 10:53:33.000000 UTC
123456,f7dc0714fec701bf9726,supplier_id,TEST-DATA_16,2023-03-16 10:52:33.000000 UTC
123456,f7dc0714fec701bf9726,country,TEST-DATA_73,2023-03-16 10:52:33.000000 UTC
123456,f7dc0714fec701bf9726,last_name,TEST-DATA_74,2023-03-16 10:52:33.000000 UTC
123456,f7dc0714fec701bf9726,first_name,TEST-DATA_5,2023-03-16 10:52:33.000000 UTC
123456,f7dc0714fec601bf9626,country,TEST-DATA_12,2023-03-16 10:51:43.000000 UTC
123456,f7dc0714fec601bf9626,supplier_id,TEST-DATA_9,2023-03-16 10:51:43.000000 UTC
123456,f7dc0714fec601bf9626,first_name,TEST-DATA_75,2023-03-16 10:51:43.000000 UTC
123456,f7dc0714fec601bf9626,last_name,TEST-DATA_14,2023-03-16 10:51:43.000000 UTC
123456,f7dc0714fec501bf9526,country,TEST-DATA_47,2023-03-16 10:51:03.000000 UTC
123456,f7dc0714fec501bf9526,supplier_id,TEST-DATA_46,2023-03-16 10:51:03.000000 UTC
123456,f7dc0714fec501bf9526,first_name,TEST-DATA_10,2023-03-16 10:51:03.000000 UTC
123456,f7dc0714fec501bf9526,last_name,TEST-DATA_14,2023-03-16 10:51:03.000000 UTC
123456,f7dc0714fec401bf9426,country,TEST-DATA_8,2023-03-16 10:50:20.000000 UTC
123456,f7dc0714fec401bf9426,supplier_id,TEST-DATA_91,2023-03-16 10:50:20.000000 UTC
123456,f7dc0714fec401bf9426,last_name,TEST-DATA_64,2023-03-16 10:50:20.000000 UTC
123456,f7dc0714fec401bf9426,first_name,TEST-DATA_78,2023-03-16 10:50:20.000000 UTC
123456,f7dc0714fec301bf9326,last_name,TEST-DATA_9,2023-03-16 10:49:43.000000 UTC
123456,f7dc0714fec301bf9326,supplier_id,TEST-DATA_11,2023-03-16 10:49:43.000000 UTC
123456,f7dc0714fec301bf9326,first_name,TEST-DATA_84,2023-03-16 10:49:43.000000 UTC
123456,f7dc0714fec301bf9326,country,TEST-DATA_34,2023-03-16 10:49:43.000000 UTC
123456,f7dc0714fec201bf9226,supplier_id,TEST-DATA_11,2023-03-16 10:48:57.000000 UTC
123456,f7dc0714fec201bf9226,country,TEST-DATA_87,2023-03-16 10:48:57.000000 UTC
123456,f7dc0714fec201bf9226,last_name,TEST-DATA_22,2023-03-16 10:48:57.000000 UTC
123456,f7dc0714fec201bf9226,first_name,TEST-DATA_39,2023-03-16 10:48:57.000000 UTC
123456,f7dc0714fec101bf9126,supplier_id,TEST-DATA_24,2023-03-16 10:48:17.000000 UTC
123456,f7dc0714fec101bf9126,first_name,TEST-DATA_28,2023-03-16 10:48:17.000000 UTC
123456,f7dc0714fec101bf9126,country,TEST-DATA_84,2023-03-16 10:48:17.000000 UTC
123456,f7dc0714fec101bf9126,last_name,TEST-DATA_50,2023-03-16 10:48:17.000000 UTC
123456,f7dc0714fec001bf9026,first_name,TEST-DATA_83,2023-03-16 10:47:35.000000 UTC
123456,f7dc0714fec001bf9026,last_name,TEST-DATA_87,2023-03-16 10:47:35.000000 UTC
123456,f7dc0714fec001bf9026,country,TEST-DATA_67,2023-03-16 10:47:35.000000 UTC
123456,f7dc0714fec001bf9026,supplier_id,TEST-DATA_90,2023-03-16 10:47:35.000000 UTC
123456,f7dc0714febf01bf8f26,supplier_id,TEST-DATA_86,2023-03-16 10:46:52.000000 UTC
123456,f7dc0714febf01bf8f26,first_name,TEST-DATA_54,2023-03-16 10:46:52.000000 UTC
123456,f7dc0714febf01bf8f26,last_name,TEST-DATA_9,2023-03-16 10:46:52.000000 UTC
123456,f7dc0714febf01bf8f26,country,TEST-DATA_83,2023-03-16 10:46:52.000000 UTC
123456,f7dc0714febe01bf8e26,first_name,TEST-DATA_30,2023-03-16 10:46:15.000000 UTC
123456,f7dc0714febe01bf8e26,supplier_id,TEST-DATA_33,2023-03-16 10:46:15.000000 UTC
123456,f7dc0714febe01bf8e26,country,TEST-DATA_93,2023-03-16 10:46:15.000000 UTC
123456,f7dc0714febe01bf8e26,last_name,TEST-DATA_47,2023-03-16 10:46:15.000000 UTC
123456,f7dc0714febd01bf8d26,last_name,TEST-DATA_84,2023-03-16 10:45:33.000000 UTC
123456,f7dc0714febd01bf8d26,first_name,TEST-DATA_3,2023-03-16 10:45:33.000000 UTC
123456,f7dc0714febd01bf8d26,supplier_id,TEST-DATA_45,2023-03-16 10:45:33.000000 UTC
123456,f7dc0714febd01bf8d26,country,TEST-DATA_26,2023-03-16 10:45:33.000000 UTC
123456,f7dc0714febc01bf8c26,first_name,TEST-DATA_65,2023-03-16 10:44:46.000000 UTC
123456,f7dc0714febc01bf8c26,supplier_id,TEST-DATA_80,2023-03-16 10:44:46.000000 UTC
123456,f7dc0714febc01bf8c26,country,TEST-DATA_83,2023-03-16 10:44:46.000000 UTC
123456,f7dc0714febc01bf8c26,last_name,TEST-DATA_92,2023-03-16 10:44:46.000000 UTC
123456,f7dc0714febb01bf8b26,supplier_id,TEST-DATA_96,2023-03-16 10:44:02.000000 UTC
123456,f7dc0714febb01bf8b26,country,TEST-DATA_98,2023-03-16 10:44:02.000000 UTC
123456,f7dc0714feba01bf8a26,last_name,TEST-DATA_99,2023-03-16 10:43:24.000000 UTC
123456,f7dc0714feba01bf8a26,supplier_id,TEST-DATA_22,2023-03-16 10:43:24.000000 UTC
123456,f7dc0714feba01bf8a26,first_name,TEST-DATA_66,2023-03-16 10:43:24.000000 UTC
123456,f7dc0714feba01bf8a26,country,TEST-DATA_77,2023-03-16 10:43:24.000000 UTC
123456,f7dc0714feb901bf8926,last_name,TEST-DATA_66,2023-03-16 10:42:41.000000 UTC
123456,f7dc0714feb901bf8926,first_name,TEST-DATA_39,2023-03-16 10:42:41.000000 UTC
123456,f7dc0714feb901bf8926,country,TEST-DATA_52,2023-03-16 10:42:41.000000 UTC
123456,f7dc0714feb901bf8926,supplier_id,TEST-DATA_1,2023-03-16 10:42:41.000000 UTC
123456,f7dc0714feb801bf8826,first_name,TEST-DATA_15,2023-03-16 10:41:54.000000 UTC
123456,f7dc0714feb801bf8826,supplier_id,TEST-DATA_15,2023-03-16 10:41:54.000000 UTC
123456,f7dc0714feb801bf8826,last_name,TEST-DATA_92,2023-03-16 10:41:54.000000 UTC
123456,f7dc0714feb801bf8826,country,TEST-DATA_79,2023-03-16 10:41:54.000000 UTC
123456,f7dc0714feb701bf8726,last_name,TEST-DATA_11,2023-03-16 10:41:07.000000 UTC
123456,f7dc0714feb701bf8726,country,TEST-DATA_37,2023-03-16 10:41:07.000000 UTC
123456,f7dc0714feb701bf8726,first_name,TEST-DATA_23,2023-03-16 10:41:07.000000 UTC
123456,f7dc0714feb701bf8726,supplier_id,TEST-DATA_98,2023-03-16 10:41:07.000000 UTC
123456,f7dc0714feb601bf8626,first_name,TEST-DATA_83,2023-03-16 10:40:18.000000 UTC
123456,f7dc0714feb601bf8626,country,TEST-DATA_19,2023-03-16 10:40:18.000000 UTC
123456,f7dc0714feb601bf8626,last_name,TEST-DATA_83,2023-03-16 10:40:18.000000 UTC
123456,f7dc0714feb601bf8626,supplier_id,TEST-DATA_30,2023-03-16 10:40:18.000000 UTC
123456,f7dc0714feb501bf8526,first_name,TEST-DATA_92,2023-03-16 10:39:30.000000 UTC
123456,f7dc0714feb501bf8526,last_name,TEST-DATA_95,2023-03-16 10:39:30.000000 UTC
123456,f7dc0714feb501bf8526,supplier_id,TEST-DATA_10,2023-03-16 10:39:30.000000 UTC
123456,f7dc0714feb501bf8526,country,TEST-DATA_52,2023-03-16 10:39:30.000000 UTC
123456,f7dc0714feb401bf8426,last_name,TEST-DATA_97,2023-03-16 10:36:13.000000 UTC
123456,f7dc0714feb401bf8426,first_name,TEST-DATA_77,2023-03-16 10:36:13.000000 UTC
123456,f7dc0714feb401bf8426,supplier_id,TEST-DATA_72,2023-03-16 10:36:13.000000 UTC
123456,f7dc0714feb401bf8426,country,TEST-DATA_34,2023-03-16 10:36:13.000000 UTC
123456,f7dc0714feb301bf8326,last_name,TEST-DATA_28,2023-03-16 10:35:02.000000 UTC
123456,f7dc0714feb301bf8326,country,TEST-DATA_17,2023-03-16 10:35:02.000000 UTC
123456,f7dc0714feb301bf8326,first_name,TEST-DATA_80,2023-03-16 10:35:02.000000 UTC
123456,f7dc0714feb301bf8326,supplier_id,TEST-DATA_71,2023-03-16 10:35:02.000000 UTC
123456,f7dc0714feb201bf8226,last_name,TEST-DATA_73,2023-03-16 10:34:12.000000 UTC
123456,f7dc0714feb201bf8226,country,TEST-DATA_96,2023-03-16 10:34:12.000000 UTC
123456,f7dc0714feb201bf8226,first_name,TEST-DATA_31,2023-03-16 10:34:12.000000 UTC
123456,f7dc0714feb201bf8226,supplier_id,TEST-DATA_51,2023-03-16 10:34:12.000000 UTC
123456,f7dc0714feb101bf8126,last_name,TEST-DATA_20,2023-03-16 10:33:28.000000 UTC
123456,f7dc0714feb101bf8126,country,TEST-DATA_78,2023-03-16 10:33:28.000000 UTC
123456,f7dc0714feb101bf8126,first_name,TEST-DATA_75,2023-03-16 10:33:28.000000 UTC
123456,f7dc0714feb101bf8126,supplier_id,TEST-DATA_8,2023-03-16 10:33:28.000000 UTC
123456,f7dc0714feb001bf8026,supplier_id,TEST-DATA_27,2023-03-16 10:32:32.000000 UTC
123456,f7dc0714feb001bf8026,country,TEST-DATA_13,2023-03-16 10:32:32.000000 UTC
123456,f7dc0714feb001bf8026,first_name,TEST-DATA_87,2023-03-16 10:32:32.000000 UTC
123456,f7dc0714feb001bf8026,last_name,TEST-DATA_77,2023-03-16 10:32:32.000000 UTC
123456,f7dc0714feaf01bfff25,country,TEST-DATA_76,2023-03-16 10:31:57.000000 UTC
123456,f7dc0714feaf01bfff25,last_name,TEST-DATA_69,2023-03-16 10:31:57.000000 UTC
123456,f7dc0714feaf01bfff25,supplier_id,TEST-DATA_12,2023-03-16 10:31:57.000000 UTC
123456,f7dc0714feaf01bfff25,first_name,TEST-DATA_67,2023-03-16 10:31:57.000000 UTC
123456,f7dc0714feae01bffe25,country,TEST-DATA_84,2023-03-16 10:31:12.000000 UTC
123456,f7dc0714feae01bffe25,first_name,TEST-DATA_16,2023-03-16 10:31:12.000000 UTC
123456,f7dc0714feae01bffe25,supplier_id,TEST-DATA_81,2023-03-16 10:31:12.000000 UTC
123456,f7dc0714feae01bffe25,last_name,TEST-DATA_73,2023-03-16 10:31:12.000000 UTC
123456,f7dc0714fead01bffd25,country,TEST-DATA_74,2023-03-16 10:30:24.000000 UTC
123456,f7dc0714fead01bffd25,supplier_id,TEST-DATA_71,2023-03-16 10:30:24.000000 UTC
123456,f7dc0714fead01bffd25,last_name,TEST-DATA_68,2023-03-16 10:30:24.000000 UTC
123456,f7dc0714fead01bffd25,first_name,TEST-DATA_31,2023-03-16 10:30:24.000000 UTC
123456,f7dc0714feac01bffc25,country,TEST-DATA_54,2023-03-16 10:29:48.000000 UTC
123456,f7dc0714feac01bffc25,last_name,TEST-DATA_63,2023-03-16 10:29:48.000000 UTC
123456,f7dc0714feac01bffc25,supplier_id,TEST-DATA_19,2023-03-16 10:29:48.000000 UTC
123456,f7dc0714feac01bffc25,first_name,TEST-DATA_25,2023-03-16 10:29:48.000000 UTC
123456,f7dc0714feab01bffb25,supplier_id,TEST-DATA_22,2023-03-16 10:29:11.000000 UTC
123456,f7dc0714feab01bffb25,country,TEST-DATA_33,2023-03-16 10:29:11.000000 UTC
123456,f7dc0714feaa01bffa25,supplier_id,TEST-DATA_80,2023-03-16 10:28:37.000000 UTC
123456,f7dc0714feaa01bffa25,country,TEST-DATA_39,2023-03-16 10:28:37.000000 UTC
123456,f7dc0714fea901bff925,supplier_id,TEST-DATA_79,2023-03-15 12:48:24.000000 UTC
123456,f7dc0714fea901bff925,hubspot_contact_id,TEST-DATA_37,2023-03-15 12:48:31.000000 UTC
123456,f7dc0714fea901bff925,company_id,TEST-DATA_53,2023-03-15 12:48:26.000000 UTC
123456,f7dc0714fea801bff825,company_id,TEST-DATA_92,2023-03-15 05:31:34.000000 UTC
123456,f7dc0714fea801bff825,country,TEST-DATA_36,2023-03-14 15:02:19.000000 UTC
123456,f7dc0714fea801bff825,industry,TEST-DATA_2,2023-03-14 15:02:19.000000 UTC
123456,f7dc0714fea801bff825,last_name,TEST-DATA_79,2023-03-14 15:02:19.000000 UTC
123456,f7dc0714fea801bff825,first_name,TEST-DATA_87,2023-03-14 15:02:19.000000 UTC
123456,f7dc0714fea701bff725,company_id,TEST-DATA_25,2023-03-14 05:31:02.000000 UTC
123456,f7dc0714fea701bff725,first_name,TEST-DATA_58,2023-03-13 13:20:47.000000 UTC
123456,f7dc0714fea701bff725,last_name,TEST-DATA_56,2023-03-13 13:20:47.000000 UTC
123456,f7dc0714fea701bff725,hubspot_contact_id,TEST-DATA_62,2023-03-14 13:20:47.000000 UTC
123456,f7dc0714fea701bff725,country,TEST-DATA_11,2023-03-13 13:20:47.000000 UTC
123456,f7dc0714fea501bff525,last_name,TEST-DATA_19,2023-03-10 05:29:04.000000 UTC
123456,f7dc0714fea501bff525,company_id,TEST-DATA_88,2023-03-13 05:30:28.000000 UTC
123456,f7dc0714fea501bff525,first_name,TEST-DATA_69,2023-03-10 05:29:04.000000 UTC
123456,f7dc0714fea501bff525,country,TEST-DATA_26,2023-03-10 05:29:04.000000 UTC
123456,f7dc0714fea401bff425,first_name,TEST-DATA_3,2023-03-09 13:22:20.000000 UTC
123456,f7dc0714fea401bff425,supplier_id,TEST-DATA_4,2023-03-09 13:22:20.000000 UTC
123456,f7dc0714fea401bff425,country,TEST-DATA_82,2023-03-09 13:22:20.000000 UTC
123456,f7dc0714fea401bff425,last_name,TEST-DATA_18,2023-03-09 13:22:20.000000 UTC
123456,f7dc0714fea301bff325,first_name,TEST-DATA_78,2023-03-08 14:42:09.000000 UTC
123456,f7dc0714fea301bff325,last_name,TEST-DATA_66,2023-03-08 14:42:09.000000 UTC
123456,f7dc0714fea301bff325,industry,TEST-DATA_55,2023-03-08 14:42:09.000000 UTC
123456,f7dc0714fea301bff325,country,TEST-DATA_41,2023-03-08 14:42:09.000000 UTC
123456,f7dc0714fea201bff225,supplier_id,TEST-DATA_28,2023-03-08 11:11:12.000000 UTC
123456,f7dc0714fea201bff225,first_name,TEST-DATA_5,2023-03-08 11:11:12.000000 UTC
123456,f7dc0714fea201bff225,country,TEST-DATA_44,2023-03-08 11:11:12.000000 UTC
123456,f7dc0714fea201bff225,last_name,TEST-DATA_12,2023-03-08 11:11:12.000000 UTC
123456,f7dc0714fea101bff125,supplier_id,TEST-DATA_22,2023-03-08 11:09:40.000000 UTC
123456,f7dc0714fea101bff125,country,TEST-DATA_69,2023-03-08 11:09:40.000000 UTC
123456,f7dc0714fea101bff125,last_name,TEST-DATA_46,2023-03-08 11:09:40.000000 UTC
123456,f7dc0714fea101bff125,first_name,TEST-DATA_80,2023-03-08 11:09:40.000000 UTC
123456,f7dc0714fea001bff025,country,TEST-DATA_79,2023-03-08 10:42:22.000000 UTC
123456,f7dc0714fea001bff025,first_name,TEST-DATA_77,2023-03-08 10:42:22.000000 UTC
123456,f7dc0714fea001bff025,last_name,TEST-DATA_97,2023-03-08 10:42:22.000000 UTC
123456,f7dc0714fea001bff025,supplier_id,TEST-DATA_55,2023-03-08 10:42:22.000000 UTC
123456,f7dc0714fe9f01bfef25,first_name,TEST-DATA_22,2023-03-08 10:40:43.000000 UTC
123456,f7dc0714fe9f01bfef25,supplier_id,TEST-DATA_24,2023-03-08 10:40:43.000000 UTC
123456,f7dc0714fe9f01bfef25,last_name,TEST-DATA_24,2023-03-08 10:40:43.000000 UTC
123456,f7dc0714fe9f01bfef25,country,TEST-DATA_53,2023-03-08 10:40:43.000000 UTC
123456,f7dc0714fe9e01bfee25,first_name,TEST-DATA_1,2023-03-08 10:36:00.000000 UTC
123456,f7dc0714fe9e01bfee25,supplier_id,TEST-DATA_5,2023-03-08 10:36:00.000000 UTC
123456,f7dc0714fe9e01bfee25,last_name,TEST-DATA_49,2023-03-08 10:36:00.000000 UTC
123456,f7dc0714fe9e01bfee25,country,TEST-DATA_17,2023-03-08 10:36:00.000000 UTC
123456,f7dc0714fe9d01bfed25,country,TEST-DATA_43,2023-03-08 10:30:05.000000 UTC
123456,f7dc0714fe9d01bfed25,supplier_id,TEST-DATA_84,2023-03-08 10:30:05.000000 UTC
123456,f7dc0714fe9d01bfed25,last_name,TEST-DATA_22,2023-03-08 10:30:05.000000 UTC
123456,f7dc0714fe9d01bfed25,first_name,TEST-DATA_99,2023-03-08 10:30:05.000000 UTC
123456,f7dc0714fe9701bfe725,supplier_id,TEST-DATA_41,2023-03-06 17:32:11.000000 UTC
123456,f7dc0714fe9701bfe725,country,TEST-DATA_30,2023-03-06 17:32:11.000000 UTC
123456,f7dc0714fe9601bfe625,supplier_id,TEST-DATA_95,2023-03-06 17:31:55.000000 UTC
123456,f7dc0714fe9601bfe625,country,TEST-DATA_14,2023-03-06 17:31:55.000000 UTC
123456,f7dc0714fe9501bfe525,country,TEST-DATA_83,2023-03-16 10:39:03.000000 UTC
123456,f7dc0714fe9501bfe525,supplier_id,TEST-DATA_93,2023-03-06 17:31:38.000000 UTC
123456,f7dc0714fe9401bfe425,supplier_id,TEST-DATA_34,2023-03-06 17:31:23.000000 UTC
123456,f7dc0714fe9401bfe425,country,TEST-DATA_52,2023-03-16 10:37:41.000000 UTC
123456,f7dc0714fe9301bfe325,country,TEST-DATA_22,2023-03-04 02:11:44.000000 UTC
123456,f7dc0714fe9301bfe325,company_id,TEST-DATA_77,2023-03-06 11:54:00.000000 UTC
123456,f7dc0714fe9301bfe325,last_name,TEST-DATA_86,2023-03-04 02:11:44.000000 UTC
123456,f7dc0714fe9301bfe325,first_name,TEST-DATA_35,2023-03-04 02:11:44.000000 UTC
123456,f7dc0714fe9201bfe225,country,TEST-DATA_9,2023-03-03 13:03:38.000000 UTC
123456,f7dc0714fe9201bfe225,supplier_id,TEST-DATA_68,2023-03-03 13:03:38.000000 UTC
123456,f7dc0714fe9201bfe225,first_name,TEST-DATA_41,2023-03-03 13:03:38.000000 UTC
123456,f7dc0714fe9201bfe225,last_name,TEST-DATA_79,2023-03-03 13:03:38.000000 UTC
123456,f7dc0714fe9101bfe125,last_name,TEST-DATA_75,2023-03-03 13:03:23.000000 UTC
123456,f7dc0714fe9101bfe125,country,TEST-DATA_81,2023-03-03 13:03:23.000000 UTC
123456,f7dc0714fe9101bfe125,supplier_id,TEST-DATA_77,2023-03-03 13:03:23.000000 UTC
123456,f7dc0714fe9101bfe125,first_name,TEST-DATA_16,2023-03-03 13:03:23.000000 UTC
123456,f7dc0714fe9001bfe025,country,TEST-DATA_23,2023-03-03 13:03:06.000000 UTC
123456,f7dc0714fe9001bfe025,first_name,TEST-DATA_31,2023-03-03 13:03:06.000000 UTC
123456,f7dc0714fe9001bfe025,last_name,TEST-DATA_69,2023-03-03 13:03:06.000000 UTC
123456,f7dc0714fe9001bfe025,supplier_id,TEST-DATA_66,2023-03-03 13:03:06.000000 UTC
123456,f7dc0714fe8f01bfdf25,cio_subscription_preferences,TEST-DATA_49,2023-03-09 14:28:49.000000 UTC
123456,f7dc0714fe8f01bfdf25,country,TEST-DATA_11,2023-03-03 13:02:48.000000 UTC
123456,f7dc0714fe8f01bfdf25,first_name,TEST-DATA_3,2023-03-03 13:02:48.000000 UTC
123456,f7dc0714fe8f01bfdf25,last_name,TEST-DATA_48,2023-03-03 13:02:48.000000 UTC
123456,f7dc0714fe8f01bfdf25,supplier_id,TEST-DATA_39,2023-03-03 13:02:48.000000 UTC
123456,f7dc0714fe8e01bfde25,last_name,TEST-DATA_5,2023-03-03 13:02:31.000000 UTC
123456,f7dc0714fe8e01bfde25,supplier_id,TEST-DATA_82,2023-03-03 13:02:31.000000 UTC
123456,f7dc0714fe8e01bfde25,country,TEST-DATA_54,2023-03-03 13:02:31.000000 UTC
123456,f7dc0714fe8e01bfde25,first_name,TEST-DATA_45,2023-03-03 13:02:31.000000 UTC
123456,f7dc0714fe8d01bfdd25,cio_subscription_preferences,TEST-DATA_10,2023-03-06 19:09:58.000000 UTC
123456,f7dc0714fe8d01bfdd25,country,TEST-DATA_22,2023-03-03 12:05:11.000000 UTC
123456,f7dc0714fe8d01bfdd25,first_name,TEST-DATA_69,2023-03-03 12:05:11.000000 UTC
123456,f7dc0714fe8d01bfdd25,last_name,TEST-DATA_89,2023-03-03 12:05:11.000000 UTC
123456,f7dc0714fe8d01bfdd25,supplier_id,TEST-DATA_48,2023-03-03 12:05:11.000000 UTC
123456,f7dc0714fe8b01bfdb25,first_name,TEST-DATA_80,2023-03-02 03:52:11.000000 UTC
123456,f7dc0714fe8b01bfdb25,last_name,TEST-DATA_43,2023-03-02 03:52:11.000000 UTC
123456,f7dc0714fe8b01bfdb25,company_id,TEST-DATA_18,2023-03-06 11:53:58.000000 UTC
123456,f7dc0714fe8a01bfda25,country,TEST-DATA_41,2023-02-28 16:17:57.000000 UTC
123456,f7dc0714fe8901bfd925,company_id,TEST-DATA_37,2023-02-26 01:53:53.000000 UTC
123456,f7dc0714fe8801bfd825,company_id,TEST-DATA_26,2023-02-24 01:39:23.000000 UTC
123456,f7dc0714fe8701bfd725,company_id,TEST-DATA_31,2023-02-22 17:31:52.000000 UTC
123456,f7dc0714fe8601bfd625,company_id,TEST-DATA_26,2023-02-22 01:30:30.000000 UTC
123456,f7dc0714fe8501bfd525,first_name,TEST-DATA_58,2023-03-18 09:54:20.000000 UTC
123456,f7dc0714fe8501bfd525,last_name,TEST-DATA_51,2023-02-20 18:17:20.000000 UTC
123456,f7dc0714fe8501bfd525,industry,TEST-DATA_61,2023-02-20 18:17:20.000000 UTC
123456,f7dc0714fe8501bfd525,company_id,TEST-DATA_95,2023-03-06 11:53:59.000000 UTC
123456,f7dc0714fe8501bfd525,country,TEST-DATA_52,2023-03-18 13:33:25.000000 UTC
123456,f7dc0714fe8501bfd525,deal_id,TEST-DATA_83,2023-03-13 17:52:49.000000 UTC
123456,f7dc0714fe8401bfd425,first_name,TEST-DATA_64,2023-02-19 10:52:34.000000 UTC
123456,f7dc0714fe8401bfd425,company_id,TEST-DATA_51,2023-03-06 11:54:00.000000 UTC
123456,f7dc0714fe8401bfd425,last_name,TEST-DATA_48,2023-02-19 10:52:34.000000 UTC
123456,f7dc0714fe8401bfd425,country,TEST-DATA_78,2023-02-19 10:52:34.000000 UTC
123456,f7dc0714fe8101bfd125,supplier_id,TEST-DATA_12,2023-03-16 10:49:06.000000 UTC
123456,f7dc0714fe8101bfd125,first_name,TEST-DATA_40,2023-03-16 10:49:06.000000 UTC
123456,f7dc0714fe8101bfd125,last_name,TEST-DATA_79,2023-03-16 10:49:06.000000 UTC
123456,f7dc0714fe8101bfd125,country,TEST-DATA_73,2023-03-16 10:49:06.000000 UTC
123456,f7dc0714fe8001bfd025,first_name,TEST-DATA_47,2023-03-16 10:55:06.000000 UTC
123456,f7dc0714fe8001bfd025,supplier_id,TEST-DATA_66,2023-03-16 10:55:06.000000 UTC
123456,f7dc0714fe8001bfd025,country,TEST-DATA_56,2023-03-16 10:55:06.000000 UTC
123456,f7dc0714fe8001bfd025,last_name,TEST-DATA_56,2023-03-16 10:55:06.000000 UTC
123456,f7dc0714fe7dbfcd25,last_name,TEST-DATA_20,2023-02-16 02:37:59.000000 UTC
123456,f7dc0714fe7dbfcd25,first_name,TEST-DATA_10,2023-02-16 02:37:59.000000 UTC
123456,f7dc0714fe7cbfcc25,company_id,TEST-DATA_63,2023-02-14 18:04:15.000000 UTC
123456,f7dc0714fe7bbfcb25,company_id,TEST-DATA_84,2023-02-14 18:04:15.000000 UTC
123456,f7dc0714fe7abfca25,company_id,TEST-DATA_53,2023-02-14 18:04:14.000000 UTC
123456,f7dc0714fe79bfc925,company_id,TEST-DATA_56,2023-02-14 18:04:14.000000 UTC
123456,f7dc0714fe78bfc825,company_id,TEST-DATA_24,2023-02-14 18:04:14.000000 UTC
123456,f7dc0714fe77bfc725,company_id,TEST-DATA_97,2023-02-14 18:04:13.000000 UTC
123456,f7dc0714fe76bfc625,company_id,TEST-DATA_69,2023-02-14 18:04:13.000000 UTC
123456,f7dc0714fe75bfc525,company_id,TEST-DATA_50,2023-02-14 18:04:13.000000 UTC
123456,f7dc0714fe74bfc425,country,TEST-DATA_50,2023-02-14 11:33:27.000000 UTC
123456,f7dc0714fe74bfc425,company_id,TEST-DATA_82,2023-03-06 11:53:59.000000 UTC
123456,f7dc0714fe74bfc425,industry,TEST-DATA_33,2023-02-14 11:33:27.000000 UTC
123456,f7dc0714fe74bfc425,last_name,TEST-DATA_17,2023-02-14 11:33:27.000000 UTC
123456,f7dc0714fe74bfc425,first_name,TEST-DATA_89,2023-02-14 11:33:27.000000 UTC
123456,f7dc0714fe73bfc325,country,TEST-DATA_92,2023-02-13 09:26:40.000000 UTC
123456,f7dc0714fe73bfc325,company_id,TEST-DATA_29,2023-03-06 11:54:00.000000 UTC
123456,f7dc0714fe73bfc325,last_name,TEST-DATA_79,2023-02-13 09:26:40.000000 UTC
123456,f7dc0714fe73bfc325,first_name,TEST-DATA_6,2023-02-13 09:26:40.000000 UTC
123456,f7dc0714fe72bfc225,first_name,TEST-DATA_34,2023-02-10 01:16:15.000000 UTC
123456,f7dc0714fe72bfc225,company_id,TEST-DATA_0,2023-03-06 11:54:00.000000 UTC
123456,f7dc0714fe72bfc225,country,TEST-DATA_27,2023-02-10 01:16:15.000000 UTC
123456,f7dc0714fe72bfc225,last_name,TEST-DATA_23,2023-02-10 01:16:15.000000 UTC
123456,f7dc0714fe71bfc125,last_name,TEST-DATA_39,2023-02-08 17:13:11.000000 UTC
123456,f7dc0714fe71bfc125,company_id,TEST-DATA_78,2023-03-06 11:53:58.000000 UTC
123456,f7dc0714fe71bfc125,first_name,TEST-DATA_30,2023-02-08 17:13:11.000000 UTC
123456,f7dc0714fe70bfc025,country,TEST-DATA_40,2023-02-07 17:10:22.000000 UTC
123456,f7dc0714fe70bfc025,last_name,TEST-DATA_81,2023-02-07 07:56:52.000000 UTC
123456,f7dc0714fe70bfc025,first_name,TEST-DATA_63,2023-02-07 07:56:52.000000 UTC
123456,f7dc0714fe70bfc025,company_id,TEST-DATA_14,2023-03-06 11:54:00.000000 UTC
123456,f7dc0714fe6ebfbe25,country,TEST-DATA_88,2023-02-03 00:45:25.000000 UTC
123456,f7dc0714fe6ebfbe25,last_name,TEST-DATA_94,2023-02-03 00:45:25.000000 UTC
123456,f7dc0714fe6ebfbe25,company_id,TEST-DATA_1,2023-03-06 11:54:00.000000 UTC
123456,f7dc0714fe6ebfbe25,first_name,TEST-DATA_50,2023-02-03 00:45:25.000000 UTC
123456,f7dc0714fe6dbfbd25,last_name,TEST-DATA_85,2023-02-02 09:28:34.000000 UTC
123456,f7dc0714fe6dbfbd25,company_id,TEST-DATA_11,2023-03-06 11:54:00.000000 UTC
123456,f7dc0714fe6dbfbd25,first_name,TEST-DATA_1,2023-02-02 09:28:34.000000 UTC
123456,f7dc0714fe6dbfbd25,country,TEST-DATA_90,2023-02-02 09:28:34.000000 UTC
123456,f7dc0714fe6cbfbc25,country,TEST-DATA_12,2023-02-01 09:10:49.000000 UTC
123456,f7dc0714fe6bbfbb25,country,TEST-DATA_19,2023-01-31 09:58:46.000000 UTC
123456,f7dc0714fe6abfba25,first_name,TEST-DATA_45,2023-01-28 23:11:08.000000 UTC
123456,f7dc0714fe6abfba25,last_name,TEST-DATA_43,2023-01-28 23:11:08.000000 UTC
123456,f7dc0714fe6abfba25,country,TEST-DATA_14,2023-01-28 23:11:08.000000 UTC
123456,f7dc0714fe6abfba25,company_id,TEST-DATA_79,2023-03-06 11:53:58.000000 UTC
123456,f7dc0714fe69bfb925,last_name,TEST-DATA_88,2023-01-27 06:58:57.000000 UTC
123456,f7dc0714fe69bfb925,first_name,TEST-DATA_14,2023-01-27 06:58:57.000000 UTC
123456,f7dc0714fe69bfb925,country,TEST-DATA_62,2023-02-24 19:30:29.000000 UTC
123456,f7dc0714fe68bfb825,last_name,TEST-DATA_26,2023-01-25 22:52:38.000000 UTC
123456,f7dc0714fe68bfb825,first_name,TEST-DATA_43,2023-01-25 22:52:38.000000 UTC
123456,f7dc0714fe68bfb825,company_id,TEST-DATA_65,2023-03-06 11:54:00.000000 UTC
123456,f7dc0714fe68bfb825,country,TEST-DATA_84,2023-02-22 03:10:07.000000 UTC
123456,f7dc0714fe67bfb725,last_name,TEST-DATA_55,2023-01-24 15:42:36.000000 UTC
123456,f7dc0714fe67bfb725,country,TEST-DATA_71,2023-01-24 15:42:36.000000 UTC
123456,f7dc0714fe67bfb725,industry,TEST-DATA_27,2023-01-24 15:42:36.000000 UTC
123456,f7dc0714fe67bfb725,first_name,TEST-DATA_53,2023-01-24 15:42:36.000000 UTC
123456,f7dc0714fe67bfb725,company_id,TEST-DATA_64,2023-03-06 11:53:58.000000 UTC
123456,f7dc0714fe66bfb625,company_id,TEST-DATA_49,2023-01-21 22:20:12.000000 UTC
123456,f7dc0714fe65bfb525,first_name,TEST-DATA_83,2023-01-19 21:57:01.000000 UTC
123456,f7dc0714fe65bfb525,last_name,TEST-DATA_28,2023-01-19 21:57:01.000000 UTC
123456,f7dc0714fe65bfb525,first_name,TEST-DATA_4,2023-01-19 21:57:01.000000 UTC
123456,f7dc0714fe65bfb525,last_name,TEST-DATA_98,2023-01-19 21:57:01.000000 UTC
123456,f7dc0714fe65bfb525,country,TEST-DATA_37,2023-01-19 21:57:01.000000 UTC
123456,f7dc0714fe65bfb525,country,TEST-DATA_78,2023-01-19 21:57:01.000000 UTC
123456,f7dc0714fe64bfb425,country,TEST-DATA_81,2023-01-18 13:49:08.000000 UTC
123456,f7dc0714fe64bfb425,company_id,TEST-DATA_32,2023-03-06 11:53:58.000000 UTC
123456,f7dc0714fe64bfb425,first_name,TEST-DATA_78,2023-01-18 13:49:08.000000 UTC
123456,f7dc0714fe64bfb425,last_name,TEST-DATA_51,2023-01-18 13:49:08.000000 UTC
123456,f7dc0714fe63bfb325,company_id,TEST-DATA_29,2023-01-17 13:32:21.000000 UTC
123456,f7dc0714fe62bfb225,last_name,TEST-DATA_44,2023-01-16 10:20:57.000000 UTC
123456,f7dc0714fe62bfb225,industry,TEST-DATA_86,2023-01-16 10:20:57.000000 UTC
123456,f7dc0714fe62bfb225,first_name,TEST-DATA_34,2023-01-16 10:20:57.000000 UTC
123456,f7dc0714fe62bfb225,company_id,TEST-DATA_28,2023-03-06 11:53:58.000000 UTC
123456,f7dc0714fe62bfb225,country,TEST-DATA_47,2023-01-16 10:20:57.000000 UTC
123456,f7dc0714fe61bfb125,company_id,TEST-DATA_47,2023-01-13 05:15:57.000000 UTC
123456,f7dc0714fe61bfb125,company_id,TEST-DATA_5,2023-01-13 05:15:57.000000 UTC
123456,f7dc0714fe61bfb125,first_name,TEST-DATA_39,2023-01-13 05:15:57.000000 UTC
123456,f7dc0714fe61bfb125,first_name,TEST-DATA_90,2023-01-13 05:15:57.000000 UTC
123456,f7dc0714fe61bfb125,country,TEST-DATA_71,2023-01-13 05:15:57.000000 UTC
123456,f7dc0714fe61bfb125,country,TEST-DATA_65,2023-01-13 05:15:57.000000 UTC
123456,f7dc0714fe61bfb125,last_name,TEST-DATA_66,2023-01-13 05:15:57.000000 UTC
123456,f7dc0714fe61bfb125,last_name,TEST-DATA_2,2023-01-13 05:15:57.000000 UTC
123456,f7dc0714fe60bfb025,company_id,TEST-DATA_73,2023-01-11 20:50:10.000000 UTC
123456,f7dc0714fe5fbfaf25,company_id,TEST-DATA_35,2023-01-10 12:41:02.000000 UTC
123456,f7dc0714fe5ebfae25,company_id,TEST-DATA_21,2023-01-09 12:38:15.000000 UTC
123456,f7dc0714fe5dbfad25,country,TEST-DATA_83,2023-01-06 20:33:14.000000 UTC
123456,f7dc0714fe5dbfad25,first_name,TEST-DATA_81,2023-01-06 20:33:14.000000 UTC
123456,f7dc0714fe5dbfad25,last_name,TEST-DATA_40,2023-01-06 20:33:14.000000 UTC
123456,f7dc0714fe5cbfac25,first_name,TEST-DATA_89,2023-03-06 11:54:00.000000 UTC
123456,f7dc0714fe5cbfac25,company_id,TEST-DATA_89,2023-03-06 11:54:00.000000 UTC
123456,f7dc0714fe5cbfac25,country,TEST-DATA_24,2023-03-06 11:54:00.000000 UTC
123456,f7dc0714fe5cbfac25,last_name,TEST-DATA_52,2023-03-06 11:54:00.000000 UTC
123456,f7dc0714fe5bbfab25,company_id,TEST-DATA_78,2023-03-06 11:54:00.000000 UTC
123456,f7dc0714fe5bbfab25,last_name,TEST-DATA_27,2023-01-05 20:25:41.000000 UTC
123456,f7dc0714fe5bbfab25,first_name,TEST-DATA_6,2023-01-05 20:25:41.000000 UTC
123456,f7dc0714fe5bbfab25,country,TEST-DATA_49,2023-01-04 18:42:37.000000 UTC
123456,f7dc0714fe59bfa925,last_name,TEST-DATA_56,2023-01-04 20:22:14.000000 UTC
123456,f7dc0714fe59bfa925,company_id,TEST-DATA_11,2023-03-06 11:54:00.000000 UTC
123456,f7dc0714fe59bfa925,first_name,TEST-DATA_41,2023-01-04 20:22:14.000000 UTC
123456,f7dc0714fe59bfa925,country,TEST-DATA_58,2023-01-04 20:22:14.000000 UTC
123456,f7dc0714fe56bfa625,company_id,TEST-DATA_33,2023-01-04 04:16:36.000000 UTC
123456,f7dc0714fe55bfa525,company_id,TEST-DATA_21,2023-02-13 10:15:37.000000 UTC
123456,f7dc0714fe55bfa525,first_name,TEST-DATA_45,2023-01-04 04:19:45.000000 UTC
123456,f7dc0714fe55bfa525,country,TEST-DATA_2,2023-01-04 04:19:45.000000 UTC
123456,f7dc0714fe55bfa525,last_name,TEST-DATA_18,2023-01-04 04:19:45.000000 UTC
123456,f7dc0714fe55bfa525,first_name,TEST-DATA_59,2023-01-04 04:19:45.000000 UTC
123456,f7dc0714fe55bfa525,country,TEST-DATA_46,2023-01-04 04:19:45.000000 UTC
123456,f7dc0714fe55bfa525,last_name,TEST-DATA_92,2023-01-04 04:19:45.000000 UTC
123456,f7dc0714fe54bfa425,company_id,TEST-DATA_87,2023-01-03 20:16:52.000000 UTC
123456,f7dc0714fe53bfa325,company_id,TEST-DATA_57,2023-01-03 20:16:51.000000 UTC
123456,f7dc0714fe52bfa225,company_id,TEST-DATA_98,2023-01-03 20:16:51.000000 UTC
123456,f7dc0714fe51bfa125,company_id,TEST-DATA_97,2023-01-03 20:16:51.000000 UTC
123456,f7dc0714fe50bfa025,company_id,TEST-DATA_29,2023-01-03 20:16:50.000000 UTC
123456,f7dc0714fe4fbf9f25,company_id,TEST-DATA_81,2023-01-03 20:16:50.000000 UTC
123456,f7dc0714fe4ebf9e25,company_id,TEST-DATA_53,2023-01-03 20:16:50.000000 UTC
123456,f7dc0714fe4dbf9d25,company_id,TEST-DATA_48,2023-01-03 20:16:49.000000 UTC
123456,f7dc0714fe4cbf9c25,company_id,TEST-DATA_49,2023-01-03 20:16:49.000000 UTC
123456,f7dc0714fe4bbf9b25,company_id,TEST-DATA_97,2023-01-03 20:16:49.000000 UTC
123456,f7dc0714fe4abf9a25,company_id,TEST-DATA_23,2023-01-03 20:16:49.000000 UTC
123456,f7dc0714fe49bf9925,company_id,TEST-DATA_77,2023-01-03 20:16:49.000000 UTC
123456,f7dc0714fe48bf9825,company_id,TEST-DATA_86,2023-01-03 20:16:49.000000 UTC
123456,f7dc0714fe47bf9725,company_id,TEST-DATA_84,2023-01-03 20:16:49.000000 UTC
123456,f7dc0714fe46bf9625,company_id,TEST-DATA_22,2023-01-03 20:16:47.000000 UTC
123456,f7dc0714fe45bf9525,company_id,TEST-DATA_47,2023-01-03 20:16:47.000000 UTC
123456,f7dc0714fe44bf9425,company_id,TEST-DATA_47,2023-01-03 20:16:47.000000 UTC
123456,f7dc0714fe43bf9325,company_id,TEST-DATA_69,2023-01-03 20:16:47.000000 UTC
123456,f7dc0714fe42bf9225,company_id,TEST-DATA_32,2023-01-03 20:16:47.000000 UTC
123456,f7dc0714fe41bf9125,company_id,TEST-DATA_50,2023-01-03 20:16:47.000000 UTC
123456,f7dc0714fe40bf9025,company_id,TEST-DATA_81,2023-01-03 20:16:47.000000 UTC
123456,f7dc0714fe3fbf8f25,company_id,TEST-DATA_75,2023-01-03 20:16:47.000000 UTC
123456,f7dc0714fe3ebf8e25,company_id,TEST-DATA_31,2023-01-03 20:16:47.000000 UTC
123456,f7dc0714fe3dbf8d25,company_id,TEST-DATA_3,2023-01-03 20:16:47.000000 UTC
123456,f7dc0714fe3cbf8c25,company_id,TEST-DATA_79,2023-01-03 20:16:47.000000 UTC
123456,f7dc0714fe3bbf8b25,company_id,TEST-DATA_97,2023-01-03 20:16:46.000000 UTC
123456,f7dc0714fe3abf8a25,company_id,TEST-DATA_6,2023-01-03 20:16:46.000000 UTC
123456,f7dc0714fe39bf8925,company_id,TEST-DATA_3,2023-01-03 20:16:46.000000 UTC
123456,f7dc0714fe38bf8825,company_id,TEST-DATA_68,2023-01-03 20:16:46.000000 UTC
123456,f7dc0714fe37bf8725,company_id,TEST-DATA_88,2023-01-03 20:16:44.000000 UTC
123456,f7dc0714fe36bf8625,company_id,TEST-DATA_13,2023-01-03 20:16:44.000000 UTC
123456,f7dc0714fe35bf8525,company_id,TEST-DATA_67,2023-01-03 20:16:44.000000 UTC
123456,f7dc0714fe34bf8425,company_id,TEST-DATA_91,2023-01-03 20:16:44.000000 UTC
123456,f7dc0714fe33bf8325,company_id,TEST-DATA_50,2023-01-03 20:16:44.000000 UTC
123456,f7dc0714fe32bf8225,company_id,TEST-DATA_13,2023-01-03 20:16:43.000000 UTC
123456,f7dc0714fe31bf8125,company_id,TEST-DATA_49,2023-01-03 20:16:43.000000 UTC
123456,f7dc0714fe30bf8025,company_id,TEST-DATA_52,2023-01-03 20:16:43.000000 UTC
123456,f7dc0714fe2fbfff24,company_id,TEST-DATA_79,2023-01-03 20:16:43.000000 UTC
123456,f7dc0714fe2ebffe24,company_id,TEST-DATA_7,2023-01-03 20:16:43.000000 UTC
123456,f7dc0714fe2dbffd24,company_id,TEST-DATA_66,2023-01-03 20:16:42.000000 UTC
123456,f7dc0714fe2cbffc24,company_id,TEST-DATA_77,2023-01-03 20:16:42.000000 UTC
123456,f7dc0714fe2bbffb24,company_id,TEST-DATA_49,2023-01-03 20:16:42.000000 UTC
123456,f7dc0714fe2abffa24,company_id,TEST-DATA_98,2023-01-03 20:16:42.000000 UTC
123456,f7dc0714fe29bff924,company_id,TEST-DATA_53,2023-01-03 20:16:42.000000 UTC
123456,f7dc0714fe28bff824,company_id,TEST-DATA_29,2023-01-03 20:16:42.000000 UTC
123456,f7dc0714fe27bff724,company_id,TEST-DATA_29,2023-01-03 20:16:42.000000 UTC
123456,f7dc0714fe26bff624,company_id,TEST-DATA_48,2023-01-03 20:16:41.000000 UTC
123456,f7dc0714fe25bff524,company_id,TEST-DATA_23,2023-01-03 20:16:41.000000 UTC
123456,f7dc0714fe24bff424,company_id,TEST-DATA_37,2023-01-03 20:16:41.000000 UTC
123456,f7dc0714fe23bff324,company_id,TEST-DATA_97,2023-01-03 20:16:41.000000 UTC
123456,f7dc0714fe22bff224,company_id,TEST-DATA_49,2023-01-03 20:16:40.000000 UTC
123456,f7dc0714fe21bff124,company_id,TEST-DATA_75,2023-01-03 20:16:40.000000 UTC
123456,f7dc0714fe20bff024,company_id,TEST-DATA_17,2023-01-03 20:16:39.000000 UTC
123456,f7dc0714fe1fbfef24,company_id,TEST-DATA_18,2023-01-03 20:16:39.000000 UTC
123456,f7dc0714fe1ebfee24,company_id,TEST-DATA_46,2023-01-03 20:16:39.000000 UTC
123456,f7dc0714fe1dbfed24,company_id,TEST-DATA_2,2023-01-03 20:16:39.000000 UTC
123456,f7dc0714fe1cbfec24,company_id,TEST-DATA_46,2023-01-03 20:16:39.000000 UTC
123456,f7dc0714fe1bbfeb24,company_id,TEST-DATA_77,2023-01-03 20:16:39.000000 UTC
123456,f7dc0714fe1abfea24,company_id,TEST-DATA_15,2023-01-03 20:16:39.000000 UTC
123456,f7dc0714fe19bfe924,company_id,TEST-DATA_96,2023-01-03 20:16:39.000000 UTC
123456,f7dc0714fe18bfe824,company_id,TEST-DATA_77,2023-01-03 20:16:38.000000 UTC
123456,f7dc0714fe17bfe724,company_id,TEST-DATA_90,2023-01-03 20:16:38.000000 UTC
123456,f7dc0714fe16bfe624,company_id,TEST-DATA_5,2023-01-03 20:16:38.000000 UTC
123456,f7dc0714fe15bfe524,company_id,TEST-DATA_22,2023-01-03 20:16:38.000000 UTC
123456,f7dc0714fe14bfe424,company_id,TEST-DATA_42,2023-01-03 20:16:38.000000 UTC
123456,f7dc0714fe13bfe324,company_id,TEST-DATA_75,2023-01-03 20:16:38.000000 UTC
123456,f7dc0714fe12bfe224,company_id,TEST-DATA_73,2023-01-03 20:16:37.000000 UTC
123456,f7dc0714fe11bfe124,company_id,TEST-DATA_17,2023-01-03 20:16:37.000000 UTC
123456,f7dc0714fe10bfe024,company_id,TEST-DATA_34,2023-01-03 20:16:37.000000 UTC
123456,f7dc0714fe0fbfdf24,company_id,TEST-DATA_67,2023-01-03 20:16:37.000000 UTC
123456,f7dc0714fe0ebfde24,company_id,TEST-DATA_10,2023-01-03 20:16:36.000000 UTC
123456,f7dc0714fe0dbfdd24,company_id,TEST-DATA_80,2023-01-03 20:16:36.000000 UTC
123456,f7dc0714fe0cbfdc24,company_id,TEST-DATA_86,2023-01-03 20:16:36.000000 UTC
123456,f7dc0714fe0bbfdb24,company_id,TEST-DATA_18,2023-01-03 20:16:36.000000 UTC
123456,f7dc0714fe0abfda24,company_id,TEST-DATA_85,2023-01-03 20:16:35.000000 UTC
123456,f7dc0714fe09bfd924,company_id,TEST-DATA_17,2023-01-03 20:16:35.000000 UTC
123456,f7dc0714fe08bfd824,company_id,TEST-DATA_40,2023-01-03 20:16:35.000000 UTC
123456,f7dc0714fe07bfd724,company_id,TEST-DATA_55,2023-01-03 20:16:34.000000 UTC
123456,f7dc0714fe06bfd624,company_id,TEST-DATA_25,2023-01-03 20:16:34.000000 UTC
123456,f7dc0714fe05bfd524,company_id,TEST-DATA_75,2023-01-03 20:16:34.000000 UTC
123456,f7dc0714fe04bfd424,company_id,TEST-DATA_21,2023-01-03 20:16:33.000000 UTC
123456,f7dc0714fe03bfd324,company_id,TEST-DATA_50,2023-01-03 20:16:32.000000 UTC
123456,f7dc0714fe02bfd224,company_id,TEST-DATA_86,2023-01-03 20:16:32.000000 UTC
123456,f7dc0714fe01bfd124,company_id,TEST-DATA_41,2023-01-03 20:16:31.000000 UTC
123456,f7dc0714fdd301bea326,last_name,TEST-DATA_17,2023-03-19 21:07:37.000000 UTC
123456,f7dc0714fdd301bea326,first_name,TEST-DATA_10,2023-03-19 21:07:37.000000 UTC
123456,f7dc0714fdd301bea326,country,TEST-DATA_40,2023-03-19 21:07:37.000000 UTC
123456,f7dc0714fdd201bea226,last_name,TEST-DATA_74,2023-03-17 13:32:56.000000 UTC
123456,f7dc0714fdd201bea226,first_name,TEST-DATA_73,2023-03-17 13:32:56.000000 UTC
123456,f7dc0714fdd101bea126,country,TEST-DATA_28,2023-03-16 11:04:47.000000 UTC
123456,f7dc0714fdd101bea126,supplier_id,TEST-DATA_2,2023-03-16 11:04:47.000000 UTC
123456,f7dc0714fdd001bea026,country,TEST-DATA_65,2023-03-16 11:04:12.000000 UTC
123456,f7dc0714fdd001bea026,first_name,TEST-DATA_44,2023-03-16 11:04:12.000000 UTC
123456,f7dc0714fdd001bea026,last_name,TEST-DATA_60,2023-03-16 11:04:12.000000 UTC
123456,f7dc0714fdd001bea026,supplier_id,TEST-DATA_69,2023-03-16 11:04:12.000000 UTC
123456,f7dc0714fdcf01be9f26,supplier_id,TEST-DATA_88,2023-03-16 11:03:23.000000 UTC
123456,f7dc0714fdcf01be9f26,country,TEST-DATA_55,2023-03-16 11:03:23.000000 UTC
123456,f7dc0714fdcf01be9f26,first_name,TEST-DATA_32,2023-03-16 11:03:23.000000 UTC
123456,f7dc0714fdce01be9e26,supplier_id,TEST-DATA_28,2023-03-16 11:02:35.000000 UTC
123456,f7dc0714fdce01be9e26,last_name,TEST-DATA_30,2023-03-16 11:02:35.000000 UTC
123456,f7dc0714fdce01be9e26,country,TEST-DATA_100,2023-03-16 11:02:35.000000 UTC
123456,f7dc0714fdce01be9e26,first_name,TEST-DATA_43,2023-03-16 11:02:35.000000 UTC
123456,f7dc0714fdcd01be9d26,supplier_id,TEST-DATA_5,2023-03-16 11:00:49.000000 UTC
123456,f7dc0714fdcd01be9d26,first_name,TEST-DATA_37,2023-03-16 11:00:49.000000 UTC
123456,f7dc0714fdcd01be9d26,last_name,TEST-DATA_17,2023-03-16 11:00:49.000000 UTC
123456,f7dc0714fdcd01be9d26,country,TEST-DATA_80,2023-03-16 11:00:49.000000 UTC
123456,f7dc0714fdcc01be9c26,supplier_id,TEST-DATA_6,2023-03-16 10:58:42.000000 UTC
123456,f7dc0714fdcc01be9c26,last_name,TEST-DATA_82,2023-03-16 10:58:42.000000 UTC
123456,f7dc0714fdcc01be9c26,first_name,TEST-DATA_92,2023-03-16 10:58:42.000000 UTC
123456,f7dc0714fdcc01be9c26,country,TEST-DATA_83,2023-03-16 10:58:42.000000 UTC
123456,f7dc0714fdcb01be9b26,country,TEST-DATA_13,2023-03-16 10:57:53.000000 UTC
123456,f7dc0714fdcb01be9b26,last_name,TEST-DATA_15,2023-03-16 10:57:53.000000 UTC
123456,f7dc0714fdcb01be9b26,first_name,TEST-DATA_18,2023-03-16 10:57:53.000000 UTC
123456,f7dc0714fdcb01be9b26,supplier_id,TEST-DATA_31,2023-03-16 10:57:53.000000 UTC
123456,f7dc0714fdca01be9a26,supplier_id,TEST-DATA_12,2023-03-16 10:56:36.000000 UTC
123456,f7dc0714fdca01be9a26,first_name,TEST-DATA_74,2023-03-16 10:56:36.000000 UTC
123456,f7dc0714fdca01be9a26,country,TEST-DATA_81,2023-03-16 10:56:36.000000 UTC
123456,f7dc0714fdca01be9a26,last_name,TEST-DATA_54,2023-03-16 10:56:36.000000 UTC
123456,f7dc0714fdc901be9926,last_name,TEST-DATA_85,2023-03-16 10:55:57.000000 UTC
123456,f7dc0714fdc901be9926,first_name,TEST-DATA_51,2023-03-16 10:55:57.000000 UTC
123456,f7dc0714fdc901be9926,supplier_id,TEST-DATA_54,2023-03-16 10:55:57.000000 UTC
123456,f7dc0714fdc901be9926,country,TEST-DATA_39,2023-03-16 10:55:57.000000 UTC
123456,f7dc0714fdc801be9826,last_name,TEST-DATA_88,2023-03-16 10:53:32.000000 UTC
123456,f7dc0714fdc801be9826,country,TEST-DATA_48,2023-03-16 10:53:32.000000 UTC
123456,f7dc0714fdc801be9826,first_name,TEST-DATA_11,2023-03-16 10:53:32.000000 UTC
123456,f7dc0714fdc801be9826,supplier_id,TEST-DATA_83,2023-03-16 10:53:32.000000 UTC
123456,f7dc0714fdc701be9726,last_name,TEST-DATA_21,2023-03-16 10:52:33.000000 UTC
123456,f7dc0714fdc701be9726,first_name,TEST-DATA_5,2023-03-16 10:52:33.000000 UTC
123456,f7dc0714fdc701be9726,country,TEST-DATA_18,2023-03-16 10:52:33.000000 UTC
123456,f7dc0714fdc701be9726,supplier_id,TEST-DATA_52,2023-03-16 10:52:33.000000 UTC
123456,f7dc0714fdc601be9626,supplier_id,TEST-DATA_8,2023-03-16 10:51:43.000000 UTC
123456,f7dc0714fdc601be9626,country,TEST-DATA_79,2023-03-16 10:51:43.000000 UTC
123456,f7dc0714fdc601be9626,last_name,TEST-DATA_88,2023-03-16 10:51:43.000000 UTC
123456,f7dc0714fdc601be9626,first_name,TEST-DATA_96,2023-03-16 10:51:43.000000 UTC